,D1,D2,D3,D4,D5,D6,D7,D8,D9,D10,D11,D12,D13,D14,D15,D16,D17,D18,D19,D20,D21,D22,D23,D24,D25,D26,D27,D28,D29,D30,D31,D32,D33,D34,D35,T1,T2,T3,T4,T5,T6,T7,T8,T9,T10,T11,T12,T13,T14,T15,T16,T17,T18,T19,T20,T21,T22,T23,T24,T25,T26,T27,T28,T29,T30,T31,T32,T33,T34,T35,A1,A2,A3,A4,A5,A6,A7,A8,A9,A10,A11,A12,A13,A14,A15,A16,A17,A18,A19,A20,A21,A22,A23,A24,A25,A26,A27,A28,A29,A30,A31,A32,A33,A34,A35,B1,B2,B3,B4,B5,B6,B7,B8,B9,B10,B11,B12,B13,B14,B15,B16,B17,B18,B19,B20,B21,B22,B23,B24,B25,B26,B27,B28,B29,B30,B31,B32,B33,B34,B35,G1,G2,G3,G4,G5,G6,G7,G8,G9,G10,G11,G12,G13,G14,G15,G16,G17,G18,G19,G20,G21,G22,G23,G24,G25,G26,G27,G28,G29,G30,G31,G32,G33,G34,G35
0,92.62018693214054,1.5387502976349487,4.554581714558768,1.0359770701103,0.2505039855554174,96.56040231639047,0.801524528509608,1.8140491668343688,0.5762476832576645,0.24777630500760214,79.62792161829407,4.6236325713797655,12.921715943404866,2.164963786511023,0.6617660804102379,82.15304676101384,4.172004100040974,11.178556043640455,1.7977128191691591,0.6986802761357703,74.64231118796259,3.399177078791583,18.151748340663197,2.82674595100186,0.9800174415808697,84.33904532065635,2.144314591116963,11.617011955109707,1.453657959471823,0.4459701736453662,22.449592177150652,7.576246213844944,65.15602691579147,4.251554559065767,0.5665801341472124,15.274328388140923,6.787398101517528,73.5108609663573,3.91656567735897,0.5108468666248206,15.144671247352957,5.817377275864803,74.99633942352764,3.675186024414522,0.3664260288401806,15.017445604424436,6.115375777054265,74.54426115085553,3.806862845392938,0.5160546222729525,68.7821268466272,7.1276636606221135,17.958289910872054,4.482068725365486,1.6498508565129941,64.93582266187194,8.519076556142666,19.58173972490439,5.073153607808837,1.8902074492722847,45.317049551270614,8.280682391750343,32.23014684682218,9.05149631759761,5.120624892559301,39.50007586732701,9.488219745620315,40.75504781514018,8.414157251706413,1.8424993202057187,17.736583905538012,7.328646822535043,68.506497546041,5.7075839866366795,0.7206877392488287,16.898294905509516,6.701881966855806,70.49938010177924,5.295164217119733,0.605278808735719,76.01998103676716,7.372232918580333,12.008384278583502,3.597583842555632,1.001817923513394,91.91196011425973,1.71487207814425,4.982917232324937,1.0913189428075278,0.29893163246428783,24.403522767755316,7.7017902297367185,61.04474051580894,6.15722398171456,0.6927225049839535,15.069501717951542,5.644409094984897,75.20579818037237,3.641011053703733,0.4392799529873149,80.45478617048114,3.7903121206081467,11.784648856251241,2.5486201290044814,1.4216327236550772,60.12924087461147,6.893841521354173,26.687791724089955,4.5726316286070015,1.716494251337545,26.15545595892256,8.197825414564463,58.321562407782466,6.025362166659668,1.299794052070936,22.74686633567057,7.504066166682503,63.225116608886324,5.558072321973743,0.9658785667864792,95.81001328774678,1.293699281473351,2.1021097647127274,0.6202423678893498,0.17393529817800538,96.30586570802517,1.0618793864771012,1.8703911412085044,0.5470163716306865,0.21484739265916156,93.01372759771787,1.5296666496076872,4.193661770273348,0.9924463834711352,0.2704975989294938,73.1177905447138,6.052263881650049,16.14510135075424,3.706345309576963,0.9784989133048286,54.565726259299794,12.896649597096829,23.3524008588997,7.092282426434315,2.0929408582695315,60.79740203123482,11.278774053800271,19.026797581778947,6.759347945952997,2.1376783872333363,22.815956571567803,9.085964965643564,59.27608047430507,7.680882262450075,1.141115726033627,24.717515536212524,8.345520491796664,58.2681427706295,7.628373558059345,1.040447643301914,97.16532738449013,1.1647839905618462,1.1251900380660655,0.3647219326779918,0.1799766542039642,96.75074002749827,1.8302807866747577,0.9562316141811324,0.33188017767525063,0.13086739397063002,75.77655048400325,6.771547601772958,10.576459466168522,4.614555723180313,2.260886724875313
1,71.99048264054319,10.072399771829305,4.7082858879446485,7.590912941568767,5.637918758113688,75.57062532611509,8.475200925558248,4.480392518153879,6.661591360070972,4.812189870101335,83.56619050509549,7.754768486111202,2.1232762073181566,4.224822766831338,2.3309420346441927,83.54583388126797,6.94915586080864,2.559825890642973,4.302516095002931,2.6426682722775396,72.38710416590187,11.77191055336426,6.560902204343247,5.960979205830413,3.31910387056021,62.40362256721343,17.603383290878423,5.19468029457226,9.069805779346806,5.728508067988729,65.22281532263466,14.16276657109035,12.898924601310513,5.888127442026354,1.827366062938235,65.8965659255722,16.895410702885265,9.024264036207029,5.970455865788638,2.213303469547006,67.59762348931754,12.361702520938305,12.379921240631004,5.575981145825477,2.0847716032874253,66.24214197978989,13.771747073958496,8.508017083787557,7.1035191684724195,4.374574693991586,62.74610853357765,12.199221269988627,4.929434240580128,12.09754851564006,8.027687440213684,61.82881373278066,8.536735214533357,4.752956397089804,14.692922415865503,10.188572239731075,54.295882510610504,14.591724500070862,24.890721842794182,4.850620172249474,1.3710509742745327,54.11036137958922,19.05539749864434,16.7354341857004,7.496267512293767,2.6025394237722566,59.89407622718984,12.968156785466075,19.768009580206982,5.791064323217006,1.5786930839198916,64.24876318261731,17.99265403825577,9.636762710192052,6.025404726758577,2.0964153421764773,69.72452952061367,12.49701268696127,5.301036851182033,7.4589479408118455,5.018473000431232,82.86576544235163,7.542449195953507,2.8758688984217655,4.05375077125224,2.662165692020983,66.3421305996935,15.028738161571809,10.887771512405038,5.703065230530793,2.0382944957990747,67.72688253366587,13.308139300407065,9.343447522720343,6.295817799073776,3.3257128441330432,75.18987909944458,10.639061230041598,4.393167618596407,6.562861684158841,3.2150303677585166,69.10646348842337,11.396772474690383,4.294524890644351,9.599780103741836,5.602459042500012,60.851542066127486,13.758430361633561,18.83717406663789,5.120392468814065,1.4324610367869575,58.41701159994458,19.949201766525025,10.076794658096718,7.77529637675502,3.7816955986787812,64.58316265347325,9.96540563413001,4.54009040182321,12.322384263362945,8.58895704721125,75.77197767466589,6.9561479742934935,3.65499666146148,8.06592960214337,5.550948087436341,74.30035632370438,8.553284640217795,4.172407939701534,7.444203240180704,5.5297478561955025,72.0441148807939,9.289916762880944,4.473502999497777,8.440427370096701,5.7520379867306675,64.09780741121558,16.873447661017753,7.214928883474222,8.050324404377255,3.7634916399147595,64.36094460277103,13.127904964333478,6.607534252975607,10.34362056451814,5.559995615401729,54.13179202072463,13.257403345646503,25.171627589029278,5.771557218748524,1.6676198258509425,57.351458861186224,21.074627582026643,13.298462906263381,6.202937941825554,2.0725127086984703,85.79403782918014,4.004216789365686,2.7177706423773333,4.330688131913491,3.1532866071631,70.37511940180917,10.026656061508183,6.025145981996252,8.082298728270313,5.490779826416105,50.38505896398414,9.103395458137573,9.401076585692442,18.597022733415738,12.513446258769962
2,50.91149194485877,11.995323592700887,11.462674469962465,17.798410372962625,7.83209961951517,47.583858627591965,10.962660921688649,9.339914212389514,21.582914822083108,10.530651416246647,54.60441238481823,13.733029394116755,11.451269500699096,15.290929885133146,4.920358835232689,33.517497102354014,8.487186968684432,9.107315224743536,33.64918137252847,15.238819331689267,40.49520923770602,12.698392588242207,16.306896851075233,23.887038497694217,6.612462825282482,38.893709915701685,10.572158102035234,22.756172032737986,22.48408516647285,5.293874783052105,37.14268684839636,13.91385805097777,21.69129230288834,24.23561962248013,3.0165431752576577,37.907758131427286,10.190781145239518,28.814316043762627,20.11216542139055,2.9749792581798924,34.36485221461512,9.320210853361411,33.06175854546588,20.70419049544449,2.5489878911128487,34.043680948759956,8.139668919588559,37.39261141989713,18.075031391586787,2.34900732016768,47.15864437636883,12.132561181844508,14.674352191474252,19.302308678293294,6.732133572019118,44.12944728440681,11.281283830921222,13.57725090841084,24.0319302450725,6.980087731188359,31.82239324799594,10.963657432587686,28.310578892027895,25.617863088661313,3.2855073387273004,23.744022299222816,8.255737341452809,35.876363260689345,27.514479914080702,4.60939718455422,27.465737411571112,8.737141464191698,35.37284170999203,25.631679018543686,2.792600395701416,29.694890477503915,8.072662257842731,38.73589614823151,20.965270531537147,2.531280584884805,49.332353475275234,11.75643212111566,14.68434843143997,17.940248409742026,6.28661756242686,88.52439697763893,6.433271487503546,2.459074959761708,2.12079600525633,0.4624605698396491,31.868743155722495,7.781456083609588,34.840162630023556,22.954735800162826,2.5549023304811813,36.23740014276117,9.137135664856762,32.44389403290093,19.60696225000867,2.5746079094725074,46.458257950456776,13.921252510692932,14.80248538566043,20.715775947059896,4.1022282061295545,21.408679726606934,6.472265646970301,9.037559129743638,44.31819361869882,18.763301877980314,31.783030780766303,11.54913759804467,28.017552008044255,25.655094251006922,2.99518536213801,26.898744282663817,8.800107311107904,39.959938819764716,21.483078672270313,2.8581309141933744,42.48019854258067,10.522107251208597,10.7892174962935,25.091407762649993,11.11706894726686,35.678164714836115,9.725027204511207,9.009282721594895,32.36592756652319,13.221597792534027,48.94909949276384,11.842915384612931,10.988280138042343,19.69319830786752,8.526506676713321,47.34930960101399,10.31735969630023,9.922073457663005,22.001096655165,10.410160589858071,45.493128995972185,11.332930300919275,17.731719332952302,21.38294502396869,4.059276346187415,41.885361233333036,10.686763100149685,17.240840689319555,25.635702449807855,4.551332527389965,22.212544101355743,6.730041324857283,45.51884037001062,23.147306614768752,2.3912675890078403,29.6603833135013,8.015791089759063,36.89270132571338,22.47163645185907,2.959487819167275,46.50410385743723,8.811468924214978,10.83029323243214,21.955396315309056,11.898737670606211,44.38514881597951,9.718440084699504,6.711565335864917,26.961562274401597,12.223283489054985,88.51485831360812,6.448547539075296,2.4567001736072163,2.1184448208386315,0.4614491528706993
3,16.868360719252866,2.6493245656084468,7.264949925136602,41.33701648660573,31.88034830339628,27.269582985637435,3.055446377048222,10.491004389153987,33.9619984430961,25.221967805064242,45.72281357703985,4.86580606678838,10.63162214253951,24.327774294083937,14.45198391954832,56.394336153472494,5.049065304727203,11.30502532987028,17.602329178124627,9.649244033805179,16.625976096868072,5.674239129661618,19.61053990463405,36.559951234151306,21.529293634684727,11.842029230759584,4.223348249873785,14.529657336371905,42.88191152569807,26.523053657296657,24.607217755930467,8.99903475114789,37.81331668708974,18.019610414375844,10.560820391456536,27.59829834464249,8.678795725846268,44.21168306528599,13.445818630074221,6.065404234150989,29.01955472636257,8.605132697486367,42.16214086838496,14.43950267041175,5.773669037354427,25.91424442356515,8.674473876313863,45.54884690121337,14.420551448144034,5.4418833507634,22.252797188980814,4.361373673861494,10.439420234531156,37.55822622212398,25.38818268050252,11.163834075283203,3.0342331433815195,10.511751012789547,41.472246899460224,33.81793486908523,25.04820673040064,8.860655311584757,26.922550302214265,25.446625477676125,13.721962178124208,27.24149153598846,11.576262123220408,33.79491401842477,18.529463036903753,8.85786928546293,28.926159907842653,8.94249090677276,41.13326430069394,14.888631845179628,6.109453039511213,30.389011246417446,8.578365107413093,42.75218690182787,13.205040297752218,5.0753964465894486,29.3743892301902,5.48640921287153,16.02451368305027,29.033208788548908,20.08147908533897,21.126405592156257,6.344497614183835,21.455084910694193,29.128355877008467,21.94565600595731,31.044980370774013,8.799961685264016,38.068680591977575,15.43534676789119,6.65103058409324,26.792566947212197,8.943508122838498,42.876037759677764,15.12006415221943,6.26782301805226,37.252526654438675,8.67716051451746,22.035424265435307,19.916506114351527,12.118382451256666,17.674339034655738,6.289161517373033,17.268316084926713,37.42552291555585,21.342660447488512,23.67051894332129,9.915011541605171,35.71911727613996,19.55644353864031,11.138908700292687,24.52852284547189,9.478540428980416,35.50010789106766,18.15057174983887,12.342257084640968,28.62953997184563,2.4232390838702504,6.191741902825415,37.88209450508814,24.87338453637076,23.100767654600247,2.9581494461634414,11.557937528577975,36.5451151405508,25.83803023010735,48.959316293879624,3.349125160129435,9.241334222915905,22.741938301124108,15.708286021951112,31.753264009302956,2.9662382894082033,8.11270172611749,33.76691570266217,23.400880272509124,24.421695248946072,6.2235529746222165,14.460320887033088,33.79955003155959,21.094880857839115,11.433335908409523,5.340500078494304,16.609482467272812,39.68044224917162,26.93623929665191,26.275336233851256,9.276316317628694,43.22546920208968,14.997019257721341,6.225858988708914,32.41754161741095,9.576422472961227,33.717307631339864,16.878743039499394,7.409985238788338,50.721428873911734,2.521012076620554,4.238236729436078,23.338043592229024,19.181278727802262,59.805079205535215,1.913892877892965,3.6646151458302723,18.361602304544856,16.254810466196528,42.326301633261586,8.618159209394847,19.734178304861903,18.262619523900366,11.05874132858129
4,94.92534439100784,3.034011815554221,0.8175793309502312,0.8681655478758795,0.3548989146121142,94.33946467206607,3.063464412253374,0.9684775056585986,1.1510433458245062,0.47755006419732543,92.65395796323867,3.3424365239678107,1.5392209040399496,1.7198411028070724,0.7445435059466604,87.47009250939078,4.98558390044984,3.525629442416077,3.027770868667321,0.9909232790753336,30.204759877134656,6.001558214246038,7.766742244258228,30.77623954730087,25.250700117060205,69.12600225364746,8.712637868924565,9.595989871478306,9.54591847879105,3.0194515271586697,50.46088509866621,12.079435159153105,17.391951338105287,16.357156474736144,3.7105719293391397,60.451175447960146,10.346099994275317,14.5925411408242,12.291954591007986,2.318228825932306,52.04330449521179,9.347786859012977,14.93432614313506,16.545103908580668,7.129478594059685,59.96344914539294,9.542133232170784,12.786272608380603,12.966313333744722,4.741831680310982,89.30546729826561,4.925109700669152,2.2977749710519397,2.6149870894035927,0.8566609406102533,87.90771722594106,4.977504573293271,3.356321691855731,2.8046743288236313,0.9537821800861875,50.65443041198019,8.474545105556738,12.283531664139938,17.445704909754266,11.141787908568682,52.05506842733602,10.458604491931558,20.066034825644184,13.95495816870464,3.4653340863836766,46.33155354918641,9.805646798745379,23.046600526967275,16.83152420756704,3.984674917533767,59.079719739390846,9.559888925853857,16.69164150130773,12.267479182758603,2.4012706506892045,90.30652023304147,4.5733192944351195,2.493036286442962,2.014054031607955,0.6130701544728673,82.07336427236555,5.9716113483627185,5.107958389043805,5.195547847282437,1.6515181429454,57.929097246860415,9.468520870980646,18.505118263934765,11.70446703344206,2.3927965847820554,56.23441244231986,9.900560553106539,13.708699541987174,14.274995191360818,5.881332271225412,81.36892404418558,6.212942792456487,3.9369949505817567,5.5505502002067395,2.9305880125690877,74.05897415600681,8.14824057937941,8.671851000948747,7.196451843021939,1.9244824206429059,35.07664535461406,9.033850617315602,16.1115212568468,24.340329067035995,15.437653704187495,59.75332655369067,9.86967653569879,14.768851369737174,11.89343214010932,3.7147134007640923,94.04002353427363,3.225807179231465,1.0999732664089716,1.1813920093708323,0.45280401071514126,93.30200439997995,3.271084902603257,1.4004577964813094,1.441267487357434,0.5851854135780236,94.69811498629946,3.022743124208443,0.9135924468052823,0.973798538067302,0.39175090461928574,93.43748400576126,3.475567686113851,1.3500416853542667,1.2781521528917068,0.4587544698788717,82.51566936215798,7.255810316697301,4.373435107836591,4.586006450366447,1.2690787629416693,79.42567798449119,6.897243350813165,6.791276995303471,5.335489309688825,1.55031235970329,35.89501407470534,10.132283364267208,30.57895407799946,18.83891708588822,4.554831397139904,59.31337503602882,9.281785102401875,17.722483372546062,11.348307132986925,2.334049356036195,94.42989745452489,3.4686352000171823,0.828341363338625,0.8799741117142956,0.3931518704049696,94.42029522559177,3.287590148926476,0.8386855280527676,1.0116169396819499,0.4418121577469315,74.87992591754411,4.055110416118192,7.574217147587464,9.748356260338788,3.742390258411737
5,54.824793034360695,14.3300587753626,12.692069148795488,10.521597896872652,7.631481144608291,63.85765800735452,9.427282109623746,7.690729797663674,11.101700556732196,7.922629528625628,56.69395041073931,11.374840711639363,8.62378423748891,11.731075755306197,11.576348884826224,57.61661544151707,9.213803975035335,7.498843882852279,14.154208068623078,11.51652863197197,49.38711541129567,13.56314815920053,11.163991389683085,14.49179964581034,11.393945394010256,53.253626467634355,15.529647395755749,17.796649476718805,10.289659353987902,3.1304173059029115,50.97213753308696,17.38911996492858,18.933088434136543,10.005897602483314,2.6997564653644566,47.57074195000619,15.757293073446116,22.13142337387602,11.590849607975933,2.949691994695251,52.298077485283734,13.593578141564667,20.084034181132708,10.538627993760889,3.485682198258233,46.49714765829523,14.318214351014754,21.33509646804438,12.526176459191621,5.3233650634540535,47.90415554139071,15.122346367800036,11.681554815793973,14.65509138506402,10.636851889951284,55.361008894358335,15.317548562995409,11.284415153373434,12.44332379774545,5.593703591527395,38.050045634314195,13.679716163261862,25.550585510468288,14.349547398864901,8.370105293091123,37.64066752832338,12.969033399218876,34.05717793896576,11.940476802801792,3.3926443306902616,50.57948330768704,15.195343994614685,20.86299844687027,10.739795976101258,2.6223782747268576,46.7625036680651,15.05420823417637,24.679638647983715,10.933816591169073,2.5698328586054755,62.455833496514124,17.389162984246827,10.132858463069525,7.108579787401981,2.913565268767482,40.53028276711036,12.637843265595539,20.739127690824994,16.572161427492194,9.5205848489769,51.932131701891514,13.797690378383995,21.011748076993115,10.866600041220954,2.391829801510313,48.89373347547363,14.028236798826626,20.959346250312144,11.734628083235433,4.384055392152049,26.994537799551864,7.2634219074398345,6.864733575392153,26.465682001874253,32.41162471574226,53.918131500515955,14.412560934376096,17.282324905293247,10.838839454241251,3.548143205573203,48.29330651650351,16.58233275821189,16.87536456995119,12.134465825507341,6.114530329826194,43.022035226016484,15.27214387421099,27.722091779632557,11.359840581578498,2.6238885385615767,41.97813619234481,8.650402090477138,8.407615383509597,20.87163631986831,20.092210013799914,76.88866020966192,7.328580779967263,5.551815676946073,6.571975934509873,3.6589673989149065,67.40649265500124,10.496343014549508,9.437977093732803,8.170941401779741,4.488245834936793,62.3646927777704,14.56555562471507,10.836334235204571,8.144724234985782,4.0886931273244755,55.65085016682,17.819005919542388,12.783580677521197,9.871096720318077,3.87546651579855,53.505412212129436,16.121846039815605,14.277871609660936,12.080943874899935,4.013926263494018,48.958847693634496,14.469623344784106,21.751186103506935,11.41513902255551,3.405203835518932,50.194779850097284,14.395714507414246,21.20211471257889,11.2962238892238,2.911167040685928,68.9298560553665,4.599788006550282,2.402003944232621,10.400541399864968,13.667810593985516,43.340418446604836,6.755988585905796,4.211338999158208,20.688748370991057,25.003505597340396,45.33582854885559,13.937708162436477,13.253506349028946,17.2284391767351,10.244517762943909
6,62.82049042180149,10.898538176581328,14.912307678456246,8.395823772035403,2.9728399511260757,81.35251998768919,6.528717539299271,5.914927830769206,4.58042387966139,1.6234107625806842,83.69562887217758,6.006251823857936,5.128045727883509,3.841186692424472,1.3288868836563101,88.73173337291068,4.527809836391716,3.3390990490665606,2.6321004339751686,0.7692573076558298,60.340704542221744,11.585977282865983,13.706671958609915,10.59524258611613,3.771403630185838,60.99590842470178,10.657130716060601,13.194671577298633,10.431844907705395,4.7204443742333995,43.834531644618544,13.845730399248794,29.57328846740329,10.790211502571566,1.9562379861578751,32.67890493005237,14.522583215669439,38.05908841275327,12.316998358704383,2.4224250828206575,35.287315337802276,10.522986452451939,42.53424722119385,9.843973456182251,1.811477532369482,26.147147089405298,10.75212329279413,51.4922457863664,9.975532461294065,1.6329513701402156,61.7123479315315,14.351575741351343,11.34994853327222,10.257009221992496,2.329118571851877,74.77067907383575,9.412165900385764,6.959210808784706,7.295395717540849,1.5625484994527852,54.57611723527673,14.424461077695616,14.298929288645137,13.239681178341058,3.4608112200417103,58.57062374471531,11.541131260209648,13.437612972826427,12.876678938269723,3.573953083978688,37.76770962191483,13.314527749915433,35.582491365922614,11.875744100546907,1.4595271616999692,30.308929544716907,12.664336397150825,44.314403228102165,11.143924061377271,1.568406768652653,48.46576187402836,23.201598926520102,13.828681745881251,12.180131074808129,2.3238263787622007,40.44330197200866,12.104623219107491,34.5588702088731,11.247916735344488,1.6452878646658886,33.483014352694404,14.091223711292356,42.49135421061956,8.894251505650358,1.0401562197434873,28.907853195119404,10.607598724039978,48.30043742299145,10.329432531113357,1.8546781267359223,94.51626501145715,2.3755048167985913,1.520465060569836,1.2572532591637016,0.330511852010928,83.11007628360689,5.5521114458538285,4.754195146708391,4.961799671271035,1.6218174525601041,49.38241343061482,14.268186673698647,22.80868369786593,11.321495393043145,2.2192208047774504,56.799601819994926,11.146096472920256,19.92379967815205,9.789649028223488,2.3408530007093282,82.79537511039756,7.149432316189825,5.2045181493785355,3.825644984876534,1.0250294391575132,81.01968875548555,7.174293506498936,5.542859590468537,4.809480527907967,1.4536776196387737,73.61977262412948,8.630576029081745,9.482707670718431,6.077343536282754,2.1896001397876996,67.82248843547713,13.358198827066872,9.718369803002748,7.425923456508224,1.6750194779447205,48.611104853211245,20.629471657004718,13.406016894154153,15.020402772495606,2.3330038231343,53.36967929397631,16.93141458558872,11.940612789491295,15.454012908462492,2.304280422481065,39.77472925855713,12.64411423061743,32.74792595202255,13.160092404768381,1.6731381540344252,37.211850758119915,13.221874638424813,35.56377422849769,12.244732820241481,1.7577675547161336,89.79393105968518,4.260132447954317,1.6200928687059108,2.5497671477531245,1.7760764759017666,88.30900314264936,4.282173008374128,2.0746482932323387,3.620917470837425,1.7132580849067158,67.98797000707974,9.71378765296327,7.2027604811862656,10.838676865496053,4.256804993274545
7,69.19215619877134,10.375212449015027,5.560882554369906,8.93548940738264,5.93625939046086,65.0310612483127,11.26483858779258,6.346460866136737,10.543011364246993,6.81462793351092,70.76582938516547,11.689949540386694,5.240710503164777,7.656103045971512,4.647407525311801,69.32695106427698,14.29640570810147,6.027731547463228,6.929738603575242,3.419173076583456,52.665036606467886,19.04786280384327,10.272422405646829,11.843086431703405,6.171591752338665,46.86839024602699,11.004146889882277,7.669734514659586,18.098796381154624,16.358931968276405,41.71199933700376,18.064697152046577,16.23398112745785,16.614026877264916,7.375295506227242,44.02226178796395,14.5016398856482,18.240756152783437,17.134253511123717,6.101088662480595,45.38485268708698,14.802586341136085,17.76270531924983,15.366796534565017,6.683059117962084,45.03093674277297,13.280507380638356,16.1010913277974,16.63760607610307,8.94985847268837,67.17936785102172,11.297467721442954,6.24115924059299,9.503201628503973,5.778803558438141,58.41617180546243,12.811748373398943,8.704208549338158,12.123106423863092,7.944764847937232,62.412263324772496,16.0731837525049,10.135909033579274,8.559803476041745,2.81884041310158,53.652184805481575,18.381908773585565,12.486322378262667,11.440194316667878,4.039389726002321,45.03110108709799,18.071367523979518,21.813873161677,12.373231583782083,2.7104266434634465,53.64188571434403,13.632803781537781,17.225305409867296,12.182014491336794,3.317990602914268,62.13340143484697,14.957968446307504,8.726186331154404,9.05962493734387,5.122818850347503,73.12224531342704,6.879986970010432,4.782411882633206,9.01374980550133,6.2016060284280705,56.3486161456375,14.406683409444824,16.783644666724012,10.08960284999362,2.3714529282001235,47.067984497127306,14.16100377476727,16.2256097643548,15.10855484999644,7.436847113754576,59.11888648521144,17.47055519114306,8.189152196656496,9.958329147619555,5.263076979369584,62.48341198078723,17.549112985564157,7.831411230473247,8.554202130480755,3.581861672694539,47.80747841177914,21.031496504467935,15.876079182018737,11.38231345736082,3.9026324443734244,47.138963910225144,16.75802257365381,13.550512350439693,15.237480492726728,7.315020672954861,67.42625511798482,10.867232749249583,6.082037930332576,9.511373084617876,6.113101117815071,68.56535928029066,8.837460287083559,5.727005588816981,10.098927857686476,6.77124698612251,65.68660764863439,11.472578585867607,6.3651168766602835,10.004689598642262,6.471007290194956,76.51018676415715,8.285052018829465,4.838210970611815,6.290533903321943,4.076016343079525,62.32190852716247,15.553303950882015,9.56844066726919,8.712738484527769,3.843608370158804,61.69789879723068,15.427426462990706,9.19674107268025,9.793500548384296,3.884433118714329,48.82536987742901,16.660377413555732,20.449994372600653,11.502838573280927,2.561419763133551,54.58508747595976,15.171585361695753,17.03098693834416,10.28057550196008,2.931764722040774,67.92527461575331,10.424787497193524,6.488267431643785,9.342082676973346,5.819587778435854,79.15628436105735,6.471051966354964,3.7193816669525823,6.3376947772505705,4.315587228384221,67.3741662838154,4.525809377521868,4.293893125313039,13.243136750059833,10.56299446328985
8,90.69622281111339,3.956579400905627,2.679975136367483,1.7580244249750336,0.9091982266384888,89.775941816918,4.364251365182401,2.8351680045943994,2.0607245071433127,0.9639143061617198,68.93794124005191,9.942342717157587,11.043274823420775,7.05633696976309,3.020104249606525,82.91596748941352,6.311912940376059,5.7160054439842165,3.9875869730987086,1.0685271531274627,62.81131353917522,11.850366044906954,16.74162147721233,7.423320416567231,1.1733785221383362,49.50625758779141,13.145178928692433,21.436130009736864,12.474733325852325,3.437700147926881,65.95639813566744,10.77751836791447,15.709161609040159,6.505074036359885,1.0518478510180544,59.39393279689059,9.62240306289963,23.515227024318484,6.480263988369216,0.9881731275218875,66.14928770759985,9.33223835686176,16.687000756275026,6.549294489012874,1.2821786902502874,62.78354667551271,8.513897828569238,20.0884025121658,7.19075726469532,1.4233957190567734,79.95559777397253,6.670700938109368,7.688362833340802,4.2011255475485125,1.484212907028603,83.20730737279376,5.9958640458265915,5.809297027542757,3.9773309514316444,1.010200602404344,51.62180182294062,13.863765821053468,21.739742032250877,11.131000260115368,1.6436900636393106,50.65022474678712,12.621231033608982,19.597134903159755,14.73385986207963,2.3975494543643845,63.006255517222755,9.385179159682238,18.736459300849823,7.850874086690205,1.0212319355551291,59.77876485937276,8.125642178766476,22.886752172399337,8.203594129010405,1.0052466604510302,85.66570347747817,5.116873501650594,5.394190939096702,2.8180782645824345,1.0051538171920469,86.21678707779175,5.2204450711072745,4.714970306254876,2.8679947622126396,0.9798027826334137,62.07250237751085,7.754829058122105,22.096384429677503,7.088402047372236,0.98788208731724,66.05281320333482,9.253261533747269,16.290941990723972,6.945228169113619,1.4577551030801417,62.66763916256512,12.074421133805245,15.758766310302324,7.740126227704175,1.7590471656233435,79.98989164888883,8.109918599060432,6.460634508868866,4.601091161070158,0.8384640821117553,63.372019290741456,11.449412662907218,16.334499484681906,7.769605209292288,1.0744633523774023,57.27235274737219,10.611438296015391,21.272067811989015,9.589919968215476,1.2542211764081352,87.09794029882177,4.4130003726623235,3.8590671333154645,3.033789160262467,1.5962030349378535,87.78065971446412,4.888339751945148,3.8787122091558377,2.516695986753225,0.9355923376812814,89.70587769108012,4.407849534904782,2.934143647556263,1.957675093346695,0.994454033112228,88.44410537394585,4.50212366393076,3.882640100561842,2.169526127281882,1.0016047342796692,74.85606700425691,7.931371201349684,10.286394000201806,5.584377063655258,1.341790730536186,76.6729158190933,7.517731274301968,8.21834514299463,6.3478856488500295,1.2431221147600746,60.81143362380062,10.032892646149898,18.87454906707802,8.987866667974295,1.2932579949968517,59.39847666642903,8.659042250977654,21.591268978518876,9.021470270470841,1.3297418336035574,93.37055855057761,2.9535243016618478,1.7141499892837606,1.2766798514680475,0.6850873070087544,93.8577224015695,3.115324987531285,1.3940498397080348,0.9882008696446709,0.6447019015464662,73.9243549292579,7.902878350371322,9.013491111625841,6.628619652361582,2.530655956383174
9,80.21898264318902,3.383383498022908,2.7587065957331354,7.9525403288354335,5.686386934219336,92.12398582669857,2.4368215060303204,1.9268656810626827,2.435696107878229,1.0766308783304688,83.83680822923263,3.97470206976219,3.247475898562363,6.185177152822715,2.7558366496200133,82.34357712606983,4.372697699162403,3.896600712940701,6.041373305706585,3.3457511561204702,86.60116945091178,3.7594105640778324,4.5371269800658105,4.141064133607099,0.9612288713375475,78.7926637761464,6.642859858114765,7.065115229917121,5.812537678700258,1.686823457121751,76.3949202332291,4.587398848074561,12.915178679400565,4.85014723947626,1.2523549998198873,82.0052173678263,3.9129805753271985,8.929325281704623,4.007155037114037,1.1453217380279905,76.14398364048434,3.4736363983882517,16.145287579275198,3.111719413046164,1.1253729688062766,84.36124715047596,2.579356431490139,9.821315459254286,2.552103174908885,0.6859777838707827,87.78270283553032,3.065010501872016,2.943680587852398,4.53486228051541,1.6737437942299962,93.44343754577915,1.93214222332178,1.751429847543839,2.249893735943599,0.6230966474115935,72.67070743463293,9.178565071304185,9.63447262160083,7.0320997760898605,1.484155096372202,75.07417822156664,8.759242439277726,7.914968328158052,6.398884913746852,1.8527260972508675,61.669054030117024,6.773142213696658,25.19339078533483,5.145420511406065,1.218992459445443,65.0592527171205,6.7637076448958515,22.337603015405897,4.767268839083569,1.0721677834943402,83.54404934971205,4.850980849634996,5.069430324276394,4.999225365918881,1.5363141104578502,94.31391811535245,1.181188745221986,2.5099784321771046,1.405315115997568,0.5895995912511235,55.87265547688799,8.39556040561282,28.11545673959332,6.216911013634457,1.3994163642709965,85.3243277977536,2.569824233550689,8.687504811071848,2.6662434257978282,0.7520997318261495,90.55843807238513,2.742635862506743,2.677825098405729,3.182576995735097,0.8385239709673168,89.75187881949917,2.9362471954096128,2.756800794685579,3.5915006326633274,0.9635725577422795,90.21744533902819,2.348808810309,4.285121190187695,2.567474150195423,0.5811505102794035,83.03669910938115,4.580829066576957,6.565479201764093,4.556425831985351,1.2605667902926658,70.13340990057048,4.226543742560158,4.3029119328632595,12.63972875193983,8.697405672066266,90.23197058159825,2.716647098263126,2.6401142178305133,3.382337617308504,1.0289304849995635,81.48082093872027,5.233568787939129,4.413195860667436,5.795233528313702,3.0771808843597688,88.00781236773356,3.3045504575168874,3.294030704736252,3.962338338288808,1.43126813172461,74.38409164739961,7.911812697244549,7.209762588481976,8.002564339031645,2.491768727842171,85.05720570001282,4.625610143967389,4.1627420257978205,4.956885603126241,1.1975565270960304,61.368257141514384,9.787556897080671,20.154783911151572,7.286127218702189,1.4032748315515644,60.91576226130303,10.259300479934156,19.409502208907796,7.7657902338078,1.6496448160471022,91.41921103702629,1.776162291895188,1.712665418148714,3.5000390558734376,1.5919221970565094,91.4148135651005,2.2809428133378904,2.0477745469746225,3.2689540651986224,0.9875150093885634,68.39231599959801,6.397126358099609,11.05600044932144,13.393160379064673,0.7613968139162216
10,56.26712379689764,15.609665125953018,17.545209718554283,8.370419343423036,2.2075820151719707,53.99967477510356,15.748461930983021,18.637252129651472,9.292034455148434,2.3225767091133944,50.60706830645003,16.85063989008683,21.911088902543042,8.677262502773466,1.953940398146286,52.21112335916425,16.838381013717004,19.447722856414384,9.142929854704256,2.359842916000378,41.61864497557007,14.726813293502195,34.11927939916709,8.177153022152739,1.3581093096081027,41.855846115615805,16.067509744225113,30.51673858563224,9.553737055469242,2.0061684990576545,31.599034791836456,11.627180144706143,45.233453858222745,9.69187602197482,1.8484551832600375,30.828456507660817,12.530191078923309,37.26764597309998,13.659282191776784,5.714424248538686,36.633597604450365,14.26579691326822,28.026885724694324,14.959922069937551,6.113797687649383,35.748371962115286,14.258355964938064,28.87023877135971,15.05004510423498,6.07298819735188,50.4905078468616,14.511465614821468,19.04660710384261,13.075288157583346,2.8761312768910625,50.22522723344809,14.555460203074732,16.453651582743596,14.873627166204194,3.8920338145292437,25.311422605556245,9.449846239629048,39.9937465185927,23.044742696267086,2.200241939954853,37.08437811988532,13.904211342758032,27.892035452970653,18.281782843521736,2.8375922408639624,38.08678068646864,11.864331860712943,33.77478039350387,14.104908700727318,2.169198358587235,33.64957214548721,13.197719058792329,35.69301843305906,15.030629330248397,2.4290610324126103,52.23517800549876,21.73321370236171,13.917913077938312,10.044781243444694,2.068913970756339,56.40658385905343,14.275887000355572,18.296723219917485,8.383293130803219,2.6375127898704065,39.122733038713676,12.775514244739492,31.35717754009068,14.609908918361683,2.134666258094095,38.78623478986968,14.71789361265461,26.20689915703546,14.6399092399024,5.6490632005385155,45.539248748088454,14.356286673780858,27.117538793653402,10.944070637344458,2.042855147132191,46.3382783463972,16.740941472112898,22.46604390850549,11.874775125872475,2.579961147112252,34.59095492259597,12.553924866869098,39.079698170499356,12.080673885101103,1.6947481549344852,38.087604309099895,14.694216797643985,31.822450476513385,13.255898897484295,2.1398295192579817,51.91693549547411,17.492252090762424,17.554253578263346,10.259885725302084,2.776673110198278,47.148084659923875,15.347213923413634,17.876276998224334,14.180814389528148,5.447610028910225,54.168151101207975,16.353252485156172,16.345263364985534,9.769921668421306,3.3634113802291297,48.59284684896561,23.97325366287042,14.909131282623658,10.089712556964212,2.435055648576211,47.20376682217611,17.536045755824485,19.16949666992679,13.811149938394502,2.2795408136779893,50.46760580540322,14.148216920857475,18.065565584080232,14.232515183841604,3.0860965058177334,34.733429587694296,11.625607852462162,32.812101347924596,18.39120936284491,2.437651849074389,40.510868533661544,12.803394261474429,27.26961154746947,16.876452959623904,2.539672697770412,59.7520214905642,12.528908565309793,10.426219888806774,11.844519061375802,5.448330993943757,71.22333930970234,11.167612353140143,7.099216041943965,6.880587709921694,3.6292445852919615,52.48234264567425,11.257440887335585,16.695681729679023,13.930218726151786,5.634316011159552
11,69.13383883479011,9.860630344530428,6.813438235492965,8.881630680502745,5.310461904683934,68.1289567233137,10.196280028265628,6.141242741702719,10.074225642513014,5.459294864205325,84.9795117652021,6.72631830013278,3.321556737672319,3.5020179732351684,1.4705952237575752,80.4379216325582,9.977971090350888,3.4713750458511106,4.285942351185296,1.8267898800541864,65.06704473931927,10.75357097462219,5.826709042607779,11.565705797262464,6.786969446188302,49.9004975476263,14.520347904367922,7.078770147656075,17.96994071479204,10.530443685557477,51.28098479155451,18.719967839879278,16.047304191845996,10.287474225324596,3.664268951395893,47.25240095650739,19.49422760171403,17.181750537010863,12.01763947991507,4.053981424852593,50.01456098744676,15.059844422679719,22.309839617763807,10.086106123335115,2.529648848774716,40.373975909482176,18.08118813778325,27.686395901009053,11.410223113025507,2.448216938699988,62.91324978870999,15.379848693851322,8.598300376469567,9.340398635587533,3.768202505381863,64.4178270024378,16.01539567137497,7.386618193419296,8.789224351614394,3.3909347811537005,58.30604593085123,17.099377697374045,8.43602211365073,11.785792283371753,4.372761974752364,46.77959227481793,20.750559380955895,13.39852040850101,15.15988549711296,3.9114424386123448,49.19328749639957,21.665465941622255,14.835001148108349,11.815825084483006,2.490420329387073,41.32901407447029,22.878083067367594,18.60352038922978,14.188355402722962,3.001027066209778,59.544765205156814,19.359905501131617,9.386245113064552,8.604470877644905,3.1046133030020435,56.293463738395786,18.659529445470362,10.800087935158103,10.195072778269806,4.051846102705931,40.96099953640457,25.844388595530987,16.516501067646093,14.155821163653643,2.522289636764889,40.12123749723026,19.47806758159899,25.65555572167978,11.868268585330352,2.8768706141603975,70.99318114485342,11.359519296881313,6.304248256871143,7.136728535703557,4.206322765690503,63.93532264135481,15.311364238979367,7.495199784897882,9.307167292535436,3.9509460422327836,59.83037684813086,17.58920107702339,9.752152148733922,9.345519305717687,3.4827506203943517,49.44109461932261,16.560070355264955,9.885401844876156,14.74925474230483,9.36417843823168,64.33038396407007,11.035614223814825,7.823860759520778,10.934518694014637,5.875622358579575,67.38960061152717,11.343248314582944,5.759217043379295,10.182686326239306,5.325247704271432,69.5934055648779,9.953484628393417,6.065731125171442,8.946963650244792,5.440415031312209,65.91207106792034,13.940390680373499,7.741607839948624,8.427719392767177,3.978211018990178,46.32448203513553,26.29192287555011,12.124057833968985,11.790963489248776,3.4685737660961715,54.309407079855944,23.464443075146214,9.510599916061633,9.99115010102162,2.724399827914743,42.90606803335643,26.238671138499512,12.979088724715293,14.973107258183333,2.9030648452455154,42.453401955057934,24.879501332584283,15.150092627518589,14.697532284381133,2.81947180045759,83.795880665008,5.925376935498976,3.5210790965929175,4.3930522394221825,2.364611063477611,79.87194844103898,7.318820413248389,3.9926587553977537,5.6787117026664236,3.1378606876485984,61.03495853505,8.534692241154723,8.430090439493481,15.266993004150764,6.733265780151274
12,76.79914599559983,8.709050623409276,5.627253853675357,7.090544385983313,1.7740051413317544,75.44850990429475,9.417827476307872,6.402908662587496,7.15103907907947,1.57971487773058,72.46222143144308,6.319417714326395,7.945172676247669,10.977429049399381,2.295759128583666,64.5694764686366,8.279826378503245,9.581368689307475,15.145002107759776,2.424326355793018,85.04470198315684,2.8499011941682393,5.35207496542737,5.834193299140118,0.9191285581074259,49.50328860740883,10.450425758054912,16.064225021058355,20.9807043676941,3.001356245783832,39.82175541271019,10.177352767610156,24.243059632579943,22.347583943001794,3.4102482440977715,38.81295186445659,10.822586341377551,24.944447356047707,21.76405470978561,3.6559597283320073,30.8043927574708,10.348990957116754,25.98497421110761,26.103351193137435,6.758290881167698,32.6603750563032,10.371570790677124,25.21814297108961,24.825619833297836,6.924291348632269,66.9738406807333,6.753052214010716,9.135549749044296,14.513731693103624,2.6238256631083026,58.1212770354106,8.671265276223988,11.046466615889056,18.641898349481185,3.5190927229949915,39.407871236906885,9.27107169455222,20.943280993625084,26.293397724349443,4.084378350566377,37.64157567220495,8.930416810111158,20.789716527028588,28.699595232009255,3.938695758645991,44.137508520735445,8.191076378108708,22.281237103911554,21.981016528836665,3.409161468407957,34.04613953451116,9.701347182219466,27.569630373975624,25.153808569655382,3.5290743396385897,61.812801254607265,9.667639303503876,10.60514229062636,15.215494438472666,2.6989227127900977,72.24588564451898,5.696539945965736,8.599301206906313,11.271451044646557,2.1868221579622005,32.69479027733929,10.048886844123832,25.854385455203467,27.648256146000783,3.7536812773327246,35.494508952470845,10.2717252773013,22.160891517974157,25.260282654222717,6.812591598030796,50.664195917859175,7.693427280487648,15.251789861218112,21.226190995309764,5.164395945125304,48.529212949652845,8.81488082818123,14.231896788922072,24.772750678873113,3.651258754370817,34.177605652558704,10.412293126030482,25.435197001902043,26.161251645287752,3.8136525742208867,39.7643047075265,10.381074037572596,22.215029216743602,24.318013636205453,3.3215784019516152,84.58930205782232,4.6753909839762855,3.976041813478358,5.4958615626708385,1.263403582052299,68.02921713367581,9.442936869106891,8.597528205914463,11.342585640095775,2.587732151207336,76.81748790369369,8.573996060219491,5.9737556560386365,6.9845511266727085,1.6502092533761183,71.80944599004376,8.622809212147791,7.682471161314643,9.841344894020084,2.0439287424736583,56.3347733849196,8.02745622832739,12.771870240531014,19.72690816620686,3.1389919800151205,45.205341123549275,9.772414586559613,15.43110505168935,25.47450239709101,4.11663684111071,30.416136701221475,10.461493170803633,25.268332374270052,29.34451791437982,4.509519839324975,34.495063993277036,9.867161679855425,24.639954726285836,27.244456598003225,3.7533630025781166,91.22691718422963,1.6978630640717105,2.1115355551314114,3.8480518952627962,1.1156323013043767,95.02079994891608,2.3895539249906927,0.9997382055757172,1.2125255452510144,0.37738237526648283,80.26309318243747,3.322503861995422,5.925221833233645,7.650610105806923,2.8385710165263833
13,83.03598744138215,8.595939910249486,4.141511908906186,3.2816809916868577,0.9448797477751535,83.36804100829977,8.0080703597736,4.207075080123258,3.4070378191686976,1.0097757326344636,78.51302753890383,11.479681330945828,6.818263372348414,2.702012940168451,0.4870148176336314,79.46020492740764,10.107708885474745,6.720722093093748,3.0574757778520247,0.6538883161715395,48.26752285063842,25.27018637255049,18.497700057348894,6.9753430256183675,0.9892476938437823,55.98382806084922,20.084464475312867,16.574977051921408,6.218429269127253,1.1383011427891891,31.59692414292103,23.51829618426248,34.780556648195656,9.105410570835328,0.9988124537853089,32.33820076419855,27.35139967638116,30.399411212366758,8.752305014208428,1.1586833328453943,30.937218039812432,26.45830729175602,29.792304825842887,11.36288493040733,1.4492849121811846,29.703237074237283,26.531134560980117,29.853629451739792,11.753116970273709,2.15888194276876,62.31466457513487,20.036716055611354,11.697614655251181,4.976238397495574,0.9747663165072801,58.792616030614845,19.61345322949268,14.254545961291463,5.902613168909464,1.4367716096914915,41.49603315463847,18.98098148998318,28.229553946781788,9.702179307049045,1.5912521015476095,44.908372140890144,19.132550412002715,25.37745444296093,8.599882045251139,1.981740958894991,27.274572039236826,22.651220799578585,40.29408386673655,8.737269011880658,1.0428542825675553,30.466715680068447,23.949354173879904,33.52541074028945,10.454565023810563,1.6039543819517332,58.57464566290697,22.249026470733902,13.240751903666933,4.7665691998980035,1.1690067627942988,67.96443248244347,15.563628814902488,11.485958595111413,4.040361587141753,0.9456185204014071,30.18825033988952,28.106808272188378,30.852229003350207,9.486765274716412,1.3659471098553204,32.28020174845016,29.39170907565049,25.351717495827486,11.181728194715774,1.794643485356069,62.58504420464469,18.3345783517218,13.208026155233055,4.937287057524885,0.9350642308755958,62.31749802663386,17.286538296031605,14.000623067363202,5.3069566620781305,1.0883839478931856,34.49253345543878,24.086008262838142,31.744973533463444,8.587283183886468,1.0892015643732376,39.103291501430576,23.600120772417327,27.191821336578286,8.575337529320299,1.5294288602533648,76.36745256638633,12.370898175092954,6.677123062852029,3.6728764731458745,0.9116497225228682,73.94098958024044,12.590090232692026,7.817099637010383,4.446015143096469,1.205805406960587,82.86631391244819,8.598515945944643,4.390571132161707,3.2211615582787214,0.9234374511667705,70.6470658149998,15.457497288932617,8.834192736046765,4.034467850735553,1.0267763092855242,48.44961380715988,26.479829843326037,16.00601276999381,7.553733144671451,1.5108104348487763,43.22060836364932,26.540048226463043,19.911020725321524,8.257962973863652,2.0703597107025815,26.868321703297777,22.800822237142988,40.96844825174539,8.418707570791929,0.9437002370220188,29.756018787208234,22.20462490376997,35.98407729700702,10.207914470434627,1.8473645415804492,87.3839293494237,6.428399272432564,2.4217810073413273,2.7459201711751557,1.0199701996275523,90.71667156332305,5.1126039033589805,1.7024113047292535,1.807551321435477,0.6607619071534119,41.899520291745645,19.84437973530828,17.228507679657152,16.091783247660178,4.935809045629072
14,71.24207285046639,9.375733363529154,13.236812210421558,4.909938159583458,1.2354434159994738,59.108231624245064,10.160210258562829,21.206415071843953,7.553497455250281,1.971645590097985,66.27901202225459,8.411604319652607,19.27071025118958,5.210685946373225,0.8279874605303592,63.838782707096186,7.642588955163432,22.18975170490238,5.327302270582116,1.00157436225544,39.56549101159627,13.209067865940499,37.190099519224276,8.952516100767536,1.082825502471473,44.67563291854582,12.968870119708246,32.088289353083766,8.87716496098562,1.3900426476761882,29.43248500441009,9.772433551674613,52.81522855313432,7.2437139018765615,0.7361389889046616,27.892743487950717,10.384415217051364,53.71096738605887,7.225204982954068,0.7866689259850543,28.2301664550172,6.861957166163044,56.880800177385574,6.876514357231237,1.1505618442027659,27.301177062683873,7.821302697338546,57.2525393869081,6.876945524548915,0.7480353285203584,48.88487865896352,9.542655206236855,31.953247119245958,8.389511757783056,1.2297072577708543,45.43907971729773,9.168880328927756,34.58671297039978,8.86297418064432,1.942352802730356,29.855230027160072,8.795016150550005,49.70382402265452,10.204804748706483,1.4411250509291131,34.76804498999788,11.31684474696475,41.456834603286886,10.897153212988622,1.561122446761551,26.375865717108045,6.311289781948942,59.55267846567778,7.00999156152725,0.7501744737382828,25.41439240498869,7.584302607586511,59.84215660364364,6.527276782510517,0.6318716012704826,44.32180504146759,8.534172420316786,38.61265719196042,7.340529404219148,1.1908359420360604,71.20305234673711,11.19837743968001,7.542425267369615,7.325139475137095,2.7310054710758194,26.325459141725467,5.212751143176298,62.286966991120416,5.601033524494463,0.5737891994832558,28.543993155928167,7.479184168796172,55.843992945009354,7.145549475244574,0.9872802550215659,50.68374429240114,10.858934639036939,29.338058745062245,8.022307213763169,1.096955109736915,49.04976522907855,10.94854992983764,30.6231063199854,8.138372275924112,1.2402062451742586,30.033449806681816,10.020228199655735,50.49149964534519,8.495353757915257,0.9594685904018182,31.790440908771945,11.197470523927981,46.89251125135075,8.983534958969784,1.1360423569791114,64.4374977190826,8.864552691544038,19.9688794695723,5.669002575986312,1.060067543814512,58.47521986311989,8.991829528697174,23.361148836295378,7.261942865077689,1.9098589068098777,65.26131280796177,9.600416040470321,17.660900275673992,5.946720631091018,1.5306502448025667,56.01761240474139,8.291240580833852,27.68424389357363,6.6564408179872885,1.3504623028639464,41.21505987781856,9.462046073373982,38.869771139672906,9.159744260008704,1.293378649125751,39.275632152156604,9.334500117732455,40.52413250610758,9.33888896224779,1.5268462617557141,24.812761741175102,5.713775460118988,61.27246192618379,7.325307202847814,0.8756936696737239,25.90586682320853,6.550544456019973,59.308076500411346,7.317736043619417,0.9177761767409219,80.13026160270739,9.37614910593536,5.259882888451982,3.9598774015394897,1.273829001365554,82.98258726232206,5.69856612762334,5.670049978384253,4.3003549390969145,1.3484416925733596,47.68458161409687,12.52664865337471,21.60410790700994,13.49170904660279,4.692952778915868
15,76.3611046525871,9.012029355014034,7.475235259218412,5.233509879872676,1.9181208533080272,78.1322976857594,9.107393930676935,5.622043387722043,4.906551174442165,2.2317138213992846,66.10533091665759,12.617299445059297,5.960137263983254,7.510758048542218,7.806474325757396,64.9596184868541,11.96890014029391,4.9891486665486235,9.180487294622628,8.90184541168088,56.973764980600464,10.505218130800078,5.877741837227669,12.376633531230123,14.266641520141407,41.438510865397895,9.342482038116634,5.801600307450308,25.10744072438013,18.30996606465502,52.17215779430041,15.973334359314881,15.31675245397387,11.477122084199245,5.06063330821158,53.75545466071616,14.107152426803914,16.603110730175377,11.605740768126417,3.9285414141781883,45.96210368311151,11.512444633451857,28.268675216172547,12.275851152655623,1.980925314608278,49.33863071950618,11.216921054512945,24.93786961959236,12.293339801174298,2.2132388052138157,62.064034102974595,12.379303171974644,7.368953763324374,9.606587472936965,8.581121488789298,58.253652959149385,11.84633524029461,6.886734680369008,11.399758707068672,11.61351841311829,35.1448460718225,14.697031170072389,8.29604405618894,20.141314463386166,21.720764238529686,28.74625038021925,9.926735277140867,7.175204406036942,28.015443456791477,26.136366479811613,53.48803816904356,15.045136326246336,17.595039606042587,10.41941706218233,3.452368836485266,52.71042652511212,13.648328776848311,19.556880656268895,10.871636454714606,3.21272758705587,67.60195986535035,14.135728772856911,8.05902670918214,7.17139984557299,3.031884807037843,57.1812716743429,14.781711322359275,9.223033103388072,10.348704205139557,8.465279694769903,56.833659662944505,13.501806005166085,17.970359343904505,9.020068897264837,2.6741060907199232,47.4268206461087,11.256579682810171,26.618721898625143,12.452766720172406,2.2451110522834883,66.08768092716727,11.24719000071608,5.666335311684498,7.9899882352429215,9.008805525189354,53.127360569149715,6.355235697239989,3.2859493885809528,15.151585474678416,22.079868870350687,47.20281520113389,16.140652896635906,11.705910945531524,13.49005031506811,11.460570641630353,79.75156038672696,5.344051279161103,3.8514360169302146,6.336626862459914,4.716325454721885,68.62206852345865,12.487120738676373,8.207768582430738,7.30016570874785,3.3828764466865433,74.84509752802573,10.087350109793872,5.646812123843544,6.1177153203377435,3.3030249179989735,76.45715089867133,9.54746237608976,6.429625848766944,5.297726382088867,2.2680344943829986,73.56390815623178,10.82935879372184,6.3825301391598295,6.3301557769754835,2.894047133910891,57.40058201436401,14.759967853171002,9.093141726835183,10.816834433920187,7.929473971709585,55.08582966551045,15.447764514057969,8.357896947046175,11.839321624401409,9.269187248984153,55.951445215600714,15.507616931751143,13.922937084014379,10.443844950495903,4.174155818138076,55.21241065322814,14.080359819618696,15.219734946818564,11.149896675894684,4.33759790443982,78.26349273532487,8.30468962400527,5.775753649547342,5.209233723819834,2.446830267302361,80.83228778160492,6.1107005762979405,5.131604236957726,5.034215240874798,2.8911921642647433,66.94550403698933,9.097038872243308,6.578769341316988,10.305578172408616,7.073109577042066
16,59.543108704184725,11.671859362215171,11.146818221987779,11.156778583571452,6.481435128040901,57.65209368071991,10.641267806011912,10.972533517167314,13.801046675298817,6.9330583208025525,58.95960752284726,16.070050555598225,10.252616149963552,9.639635989527205,5.078089782063398,65.0415413891388,12.418617696886594,10.153187224976394,8.035721141428938,4.350932547568754,32.02968357786864,14.09705329041269,15.297655872802027,24.2994107366725,14.276196522244138,32.87059368134011,13.371609477825105,15.395324685015693,28.321840980707698,10.040631175111361,33.28162532898535,17.917243991242085,27.23070409675918,15.26307550556793,6.307351077445501,42.14721608064992,17.84080207236076,22.617777459024317,12.98681947562082,4.407384912344131,32.218935605761146,15.25071282477723,31.68492392707491,13.629097333816084,7.216330308570576,35.20249690582013,16.177427239779227,24.934949233228437,15.692535676055359,7.992590945117514,48.02709006102846,13.751378240664247,9.93533088705871,18.892327301866754,9.393873509381988,52.5011302321345,11.731684349626793,10.292655230270388,15.941092966843662,9.533437221124487,41.75176851912818,14.602708220355026,17.632279433695395,16.028909306481506,9.98433452033968,47.143289765221986,13.571119498188247,18.37287353022468,16.32897270826801,4.5837444980968485,36.22673166337505,16.223733003731788,33.0449000528223,11.42771671416189,3.0769185659090885,36.74215039380314,18.06288237381074,26.549476690154112,15.306829495234576,3.338661046997454,65.62192810247225,14.230392948440244,9.301433402300884,7.450008939372246,3.396236607414332,43.655923839618126,15.751865417172354,19.833367871496538,14.55434241743446,6.204500454278279,43.08291555192011,15.762448725797922,28.346565511464032,10.231406176349578,2.5766640344685303,32.39829000856695,15.34989830747883,29.482487165633554,14.821101820244772,7.948222698075727,38.41707625003801,14.843312213848622,11.11421598295058,21.812040694998142,13.813354858164569,43.65524176418125,13.386878694595094,13.598555574822562,17.247959178509703,12.11136478789163,37.308390513244696,15.059023393975544,24.124593254025164,16.16222753733659,7.345765301418227,37.98129288743618,15.821534383847466,21.285603460951243,19.78552470763137,5.1260445601334625,36.727509222244656,9.602742980626934,8.600045216633683,29.169879982551354,15.899822597943263,54.28807760429583,8.669099902866845,8.54059714276863,17.23072702998674,11.271498320082255,59.226977632027456,10.776131956204104,11.144694307789736,11.777377233015347,7.074818870963376,57.11248863677402,13.850671298957742,12.397015541712806,10.73731201772238,5.902512504833197,55.8553715028701,17.11749338368619,10.613746722991396,12.018528263997041,4.394860126455118,54.00525510997175,15.600524120826393,14.056019003207549,11.719256173412365,4.61894559258209,41.35504889329049,14.654256195223958,29.224945690478716,11.687638999463253,3.0781102215439673,44.11148626844056,16.048112588726447,23.914614087126015,13.10076386603449,2.8250231896723044,47.14930047513632,10.373553797538733,9.102543883695041,21.267980864394254,12.106620979235974,79.70922623712924,6.026328163882163,3.2692222244113625,6.748068061573114,4.247155313003955,75.23071555029976,6.864906713339675,5.079817851476085,8.812323918681454,4.012235966203271
17,69.92996169732062,13.101816607787157,8.578716525027595,6.335522648165039,2.0539825216992664,71.20872873757624,12.829402434918563,7.576629332668794,6.275490979038394,2.109748515798012,72.60493599463989,14.440900084357406,7.050785664747523,4.851064612570451,1.0523136436846514,70.91710656068825,14.983346627499264,7.164508808301225,5.655128227824218,1.2799097756871751,46.76925992981379,25.037307510894863,16.878962851524967,9.266244685327782,2.048225022438771,61.7541216032368,14.68019802125633,11.877866887592466,8.509420625194421,3.1783928627197975,30.42694074158339,25.623203598437122,28.14933864357837,13.522976967047914,2.277540049353547,34.080896603719815,18.457159163865533,29.22985565824574,15.199659198006488,3.032429376162307,35.34019666112812,18.503814337318516,28.258962526034185,15.037234468221108,2.8597920072980627,38.11775713371587,16.76085039345405,26.94350116885364,15.450823500238723,2.727067803737635,59.58689039941012,17.928651535340336,11.501744403060522,9.112374033942368,1.8703396282466669,56.0790088112877,17.118355448901003,13.437661026992496,11.293516337219346,2.0714583756001868,39.20917056320049,24.862379947587762,22.144012002662436,11.543453276445412,2.2409842101037873,37.29281721811263,19.712923794639643,25.909156140183914,14.090065259849332,2.9950375872145276,33.1206302104128,21.83180976883285,30.33404809096605,12.946496399089755,1.7670155306987985,35.188837514450626,14.989800116061943,32.90995444665374,14.518119762719465,2.3932881601142686,53.85440740265916,17.263544250421,16.227732217972434,10.495455253878115,2.1588608750690876,46.93364606824035,23.406667083806834,17.22372313219133,10.36714698073228,2.068816735029142,38.21907572322928,18.27749523749595,30.311115021038283,11.783895675865223,1.408418342371437,38.56441977935667,18.026206395932192,25.241936133878006,15.143095025276617,3.0243426655564636,55.06247698224173,21.984675458858856,12.13861643922132,8.703108747008523,2.1111223726698922,55.6934274480933,18.6589141458084,13.609636876639698,9.843276063209927,2.19474546624877,34.74969495473798,24.825666777478407,25.95849546295428,12.320471665652663,2.145671139176708,34.52241016530929,18.716305338339907,27.2734348691582,14.402621401370148,5.085228225822402,66.21935923530211,14.849545502069292,9.865997067365392,7.088706448868254,1.9763917463952407,67.29826711551418,13.957970630925164,9.55468367342996,7.30423757033042,1.884841009800246,68.84491680591181,13.492473342827774,8.725135880392033,6.75510179006494,2.1823721808036685,63.3168749351098,14.902165800873243,11.469694232148226,8.148266315099486,2.1629987167693683,48.46394901610415,20.411332229401868,15.972026980303305,12.79434898828419,2.358342785906135,45.054122776743135,17.83800296094123,18.485878243782956,15.823704910406903,2.7982911081259223,32.81927401905444,21.08118089159271,32.172843301907946,12.31372620038967,1.6129755870557083,33.52105318811386,15.414286643988213,35.16071687663702,13.753603197566921,2.1503400936944512,77.95415910000577,8.81664487579298,5.477338609999888,5.750567406317396,2.0012900078837683,84.68067325817451,7.470055928370751,3.4619134168137777,3.222355542089254,1.1650018545515324,81.1106532954355,6.037590832641534,4.4997820902236825,5.631703207823852,2.720270573875353
18,80.41070749266666,8.496158521404922,5.0056713104104995,4.562370878237214,1.5250917972808882,81.45089910935661,8.093931646158794,4.269646820130136,4.544809462712622,1.640712961641399,66.63587468097086,17.487408602355785,9.206593790254743,5.5269421080831105,1.1431808183349161,68.71417325853231,15.084174669211023,8.112812282282185,6.927225135977803,1.1616146539963468,39.95906430151226,29.22350219906591,22.035705049708984,7.333063113011967,1.4486653367008182,51.984973578657566,20.44791643094571,12.41859909890583,10.84771650626895,4.300794385221934,34.31891730739531,33.51344617694696,23.966880664809604,7.027699781096564,1.1730560697516155,44.74282863301666,26.894118204066352,18.65944507597201,7.75667850212539,1.9469295848199852,37.36550347079549,23.152933942648787,30.87932891307637,6.9816964141856115,1.6205372592937555,41.72824836897803,21.757933874681328,26.716805522332958,7.510364469462552,2.2866477645447865,63.01534075861627,18.51109337203704,9.730879512897612,7.333603834496161,1.4090825219526422,67.48768731542472,14.904081189237917,9.089602066776125,7.1344165375658335,1.3842128909953488,38.39170044244864,30.928674598954203,21.663808073360386,7.788170902850703,1.227645982385888,47.330494786063404,22.489950579273582,17.687847994241597,10.356237456723207,2.1354691836984565,32.16519842071621,25.49711726436057,34.418209090943655,6.938988279644064,0.980486944335258,39.42236160821838,22.97904207581521,28.684081069152107,7.533280025602846,1.3812352212113503,53.84366725494465,27.84513881780167,10.265534052808077,6.833967666590817,1.2116922078548769,69.38305929991908,10.002907988906959,12.584166994448845,6.365220357106035,1.6646453596190693,33.152590587927044,18.07383358000832,40.61542479135032,7.234455415009543,0.9236956257045684,40.17655489544838,20.87908185867382,30.224510844802605,6.873041813302431,1.8468105877727914,50.97511980363395,25.41641194790763,15.42503619684007,7.038992566696951,1.1444394849216752,55.49448340487281,20.797345734980524,12.190117165189465,10.033549456146147,1.4845042388116196,32.44975194316894,32.18637113655481,27.745855926766033,6.705843911082905,0.9121770824273345,49.43386246811191,24.557736729882826,17.203220283861516,7.507741874426703,1.2974386437171062,75.36117102057952,11.638663993670944,6.370489540302985,5.205317833608271,1.4243576118382184,73.7959858741217,11.83951731129174,6.644547059534778,6.1237402130743925,1.596209541976641,78.91779316664133,9.291645683122683,5.202519819608469,4.931666460758843,1.656374869868925,70.20311687926794,16.076000637093532,7.060511988220116,5.440751020902865,1.2196194745155466,57.21124105720876,22.241947213808107,11.420015636293657,7.713743927093635,1.413052165595966,53.75318171091724,22.358287504225455,14.186785897445574,8.230827494414557,1.4709173929975201,29.809797593606746,23.16312571210396,37.70307283297649,8.232374839995124,1.0916290213172182,56.25833641625294,15.58222978707286,20.614527851900576,6.603573048266719,0.9413328965067836,83.34661315503173,7.7046119535940605,3.4702850238018383,3.6986239540258814,1.779865913546343,88.20331127453339,5.873559465077558,2.0614400512610294,2.5896265764124102,1.2720626327156426,80.69116546980399,6.494860597525463,4.564465076847542,6.272484375726922,1.9770244800960974
19,92.56127614149115,2.774598479504755,1.9780837458123102,1.9216598375686573,0.7643817956230755,94.29245331746384,1.2150342194813217,1.5086487238694384,2.047825101967786,0.9360386372172369,98.54375407543532,0.5962553482792687,0.3384701208205785,0.376717186208764,0.14480326925599327,98.74560660149606,0.47441459378072215,0.287756927587051,0.3423116707000808,0.14991020643621586,96.43057701609284,0.6336462130583822,0.644427980187572,1.562517912246613,0.7288308784144388,91.6487831825275,1.3961327058172404,1.1996281253540615,3.2756570441369828,2.4797989421642517,69.44984057053712,6.968175855181083,8.486943510239659,10.860601094985473,4.234438969056717,87.52102977672457,3.2598191704632997,3.2587512336198845,4.312876670897095,1.6475231482947637,62.10610501056243,8.551301217042658,13.202393078660313,11.723315954237098,4.4168847394975375,71.76088539834599,6.926373200237555,10.824197174946674,8.594405814039112,1.8941384124306244,79.22207042408301,8.65781782377412,4.906025951401952,5.167598943994798,2.0464868567459433,82.32819493769583,6.9599075066634875,3.7876681736097964,4.870361143950994,2.053868238080071,85.17796982277386,4.189983464916615,5.235480379229112,3.9293785699981743,1.4671877630821386,47.51011197549167,10.933383213555583,22.155283423156792,14.539487289574163,4.861734098221674,57.212552999582854,10.601114558790192,16.964129900524537,11.818161870480855,3.404040670621691,45.84679938118432,14.773124401981267,18.76096872921393,16.206671526756452,4.412435960864473,88.74251463466359,4.89309159157453,2.5785764157974915,2.6541353918173445,1.131681966146921,58.19329148346414,9.179527499034258,14.830064927570403,13.01118534516986,4.785930744761293,60.688819698221316,12.808281130592771,14.954313468492176,9.25782161679514,2.2907640858982536,69.9572036429963,7.049941846380844,11.36828820435462,8.947340216757455,2.6772260895113376,98.41681373260283,0.4885824607129171,0.3959932214461653,0.49522407075412783,0.20338651448373568,96.81473181415973,1.0659704529334761,0.7132847441000928,0.9652659915088281,0.4407469972980922,75.0022375354351,6.531521905014995,8.72293553603876,7.327260766141573,2.4160442573694274,91.67561346020415,2.12201630044878,2.220785644684886,2.501533114001948,1.4800514806605465,89.83370810708263,4.128361972053547,2.3881090628906367,2.574708260407691,1.0751125975651767,87.48239710981545,3.7071642381276777,3.0045376086016495,3.975717460499099,1.830183582955989,70.92305796407025,6.273586608807573,7.939230850799059,10.070856279582841,4.793268296740154,98.04083520930693,0.7664484037938615,0.4016715805537169,0.5505465315460298,0.24049827479948072,75.46235048374724,9.923380642073717,6.2627262470782155,5.964429511195249,2.3871131159056014,70.61064550521364,10.975268159711753,6.965302167708644,8.204412719215053,3.244371448150847,55.238219671100616,12.750694238122955,17.921355658490132,10.869923534735419,3.219806897550731,48.47389658605938,14.517782948072632,20.121012765246757,12.990689336961307,3.8966183636599045,72.63340470518604,11.45646209269148,6.98258857918254,6.608267991639141,2.319276631300846,84.36649912949066,5.981409752340524,2.8736487343104464,4.44668423674508,2.331758147113276,30.961068239562746,8.154503088066962,24.732063855593903,24.459904318751533,11.692460498024769
