Unnamed: 0,D1,D2,D3,D4,D5,D6,D7,D8,D9,D10,D11,D12,D13,D14,D15,D16,D17,D18,D19,D20,D21,D22,D23,D24,D25,D26,D27,D28,D29,D30,D31,D32,T1,T2,T3,T4,T5,T6,T7,T8,T9,T10,T11,T12,T13,T14,T15,T16,T17,T18,T19,T20,T21,T22,T23,T24,T25,T26,T27,T28,T29,T30,T31,T32,A1,A2,A3,A4,A5,A6,A7,A8,A9,A10,A11,A12,A13,A14,A15,A16,A17,A18,A19,A20,A21,A22,A23,A24,A25,A26,A27,A28,A29,A30,A31,A32,B1,B2,B3,B4,B5,B6,B7,B8,B9,B10,B11,B12,B13,B14,B15,B16,B17,B18,B19,B20,B21,B22,B23,B24,B25,B26,B27,B28,B29,B30,B31,B32,G1,G2,G3,G4,G5,G6,G7,G8,G9,G10,G11,G12,G13,G14,G15,G16,G17,G18,G19,G20,G21,G22,G23,G24,G25,G26,G27,G28,G29,G30,G31,G32
0,91.97760708476042,1.7528967016003392,4.835682927913269,1.1369945214508217,0.29681876427492304,96.64325657253404,0.8635046444966521,1.6205745075883329,0.6067236025933272,0.2659406727878102,84.55445042518521,3.5847579120441835,9.425739566584518,1.8136113447795397,0.621440751406477,73.91059166957822,6.631164090710996,15.324877479366656,2.917858448169792,1.2155083121743973,84.13386926230713,2.2651050829238084,10.6188298425233,2.1236922631170048,0.8585035491285604,85.16912430452275,2.353212751937633,10.236565496137741,1.6851776295734084,0.5559198178288889,31.812521533557454,8.739214269518982,19.200776969525503,8.519254267052482,67.35439579532765,4.377528153752604,0.5480448143416446,23.338780448228334,7.17907864815311,64.81423980629069,4.210556253964843,0.4573448433629535,20.183195623834006,6.838207709061298,67.76182441730094,4.5895492783864125,0.6272229714172943,76.13553848759426,5.911570074658655,13.157320148105011,3.5139473758153392,1.281623913826568,58.46166718473482,11.029382246735546,21.643712958002617,6.324662977932053,2.540574632595082,41.598920046610395,10.069404864581944,32.62798308789866,9.443106110937237,6.260585889971836,40.955070524596245,12.564408143795074,25.381217912534648,8.89563702196401,58.91661588161258,5.904204240384861,0.9023249435041892,22.587668861023,8.449624449803244,61.91098352428385,6.2549699564071295,0.7967532084824069,77.16285990118075,7.6813285101541195,10.38117703632236,3.7018751949969584,1.0727593573459795,91.10399761841823,2.093460583505907,5.210995324622203,1.2448902374975122,0.3466562359560403,36.50913977809481,8.769944453203857,46.87169341500147,6.940722880942082,0.9084994727576596,22.025345254316182,6.6437347088976315,66.47491032744993,4.327701853822534,0.5283078555136521,82.63610563589413,3.6673724118543776,57.23611088683629,8.782514834782239,26.85044654355979,5.1849237989609485,1.9460039358606287,38.40075862943739,8.28519429035966,45.98706560198869,5.657319722220455,1.6696617559939224,25.349336197933077,9.184770227498024,58.0916662636905,6.205170204627102,1.169057106251322,95.6319976623233,1.4296439413521664,2.085939316692384,0.6559174399621819,0.19650163967000198,96.50544650218274,1.059599591230208,1.66316312236524,0.5464171454600072,0.2253736387617821,92.72939540941742,1.7379038149916006,4.132630007155857,1.0687381826183628,0.3313325858168407,71.78698473164427,7.55328135028602,55.00058839718139,13.986166977191193,21.811126315055642,7.122808091778836,2.0793102187929953,63.452993156046496,11.02585375201967,16.472564005924347,6.755474820961973,2.293114265047392,33.67650871978877,10.398153909715363,46.59034614454279,7.685493209574486,1.6494980163784274,34.90844862513559,10.317818259540497,44.9823436020866,8.448586066846728,1.3428034463908314,97.01024577887493,1.2511835463556926,1.0585620861134362,0.4618370433300733,0.21817154532597965,95.8692494678613,2.4906741006461863,0.9847573046392776,0.4581245029120243,0.1971946239414485,82.71381802941481,5.715983608827723
1,73.87327105238651,7.827785183991461,4.970582361744085,7.817129879124099,5.511231522753906,77.25980824280666,6.710502294798225,4.643354415407353,6.759363182178412,4.626971864809682,88.73186375686835,5.4599307309004015,1.5363903283120084,2.7553116234618225,1.5165035604570876,88.66098559258944,4.923109006983055,1.6739942246827466,3.011420013917764,1.7304911618271432,76.93612536671716,10.679518540193897,5.036658382138453,4.757439330796084,2.590258380154704,68.76998112743975,15.07577901587544,4.165007881029372,7.368338945549799,4.6208930301054485,66.48976137938784,14.56715581421551,68.81309031960743,15.916148033958784,7.7125065862822915,5.466036282616669,2.092218777534804,67.01260159470897,11.524090762729433,13.372071878015726,5.846789982615405,2.2444457819306316,65.74961111353859,11.609185616799971,9.827597996029255,7.9770189583070525,4.836586315325461,67.9600392581209,11.291098293081387,5.402439441830041,9.874649585481707,5.471773421486106,68.91068170938382,7.5283091907385105,3.8213740856347287,11.476079355258104,8.263555658984686,56.39750231544085,14.596574763095148,23.373570937764576,4.463105125176817,1.169246858522836,59.735714392522105,18.3079503318892,60.0451075720248,14.046638145305947,18.103591763966048,6.069362307419148,1.7353002112839495,67.93120286437697,15.92337402909035,8.491789160473976,5.689342135934802,1.9642918101239117,71.38794792904082,11.89305746051962,5.654304518688738,6.893646818695303,4.171043273055458,86.48186113656834,6.3356162609374245,2.126305407963572,3.1121601827436347,1.9440570117870708,66.462181670658,14.924740038150215,10.430184780451377,6.025273668602169,2.157619842138617,66.58335411895537,11.614330818501148,10.884941322313509,7.147960382537099,3.769413357692532,80.13569640499595,8.924165444598211,75.3974435319223,9.560664460846427,2.8594180480001583,7.936646536313809,4.245827422917232,62.15407821990422,14.341870928287413,16.894030207777842,5.108181112360209,1.5018395316706068,65.73707753805087,19.532137925902603,7.922119933911087,5.391027512262123,1.4176370898732016,71.16769005432877,7.474224384700972,4.1624996720616165,10.40683217270219,6.78875371620653,82.99972567181408,4.560946859055775,2.842759079221195,5.693496360610213,3.9030720292983836,75.00979876975902,7.1962708975388265,4.526794224625974,7.812661097252437,5.454475010823359,77.00803831446433,6.886529959719249,62.546805151122534,19.15856471720201,7.690581433694789,7.358492718624532,3.2455559793564714,63.29094935686361,14.360581623003386,6.498532595961006,10.547941067880076,5.301995356291833,56.454849899608355,14.571123344409148,21.494136906133882,5.736167523370477,1.7437223264784358,64.66531216698826,18.02928286436812,10.021265385812193,5.435794838614699,1.8483447442169931,87.11912120420698,3.5723957012469483,2.5432503685457517,4.0349027850891055,2.73032994091128,74.3956677734962,6.865049556409855,5.89139935046511,7.741934449470049,5.105948870159381,56.56721129765784,9.353749830258565
2,58.79561844544365,5.196736594989443,4.945030685142457,20.787835613153455,10.27477866127069,46.45274941035574,3.9755775293562037,4.086183257124927,29.71076935991096,15.774720443252303,61.86096435565078,8.751011785370384,6.245413653963556,16.461522282145324,6.681087922869986,17.461609975066537,3.1132452627595986,3.6978451980202576,50.91460814546015,24.812691418693547,36.83377795349054,16.838563385677293,12.336104824569881,27.188661171626574,6.802892664635731,46.17836996081861,12.002408160945823,18.08928102741821,20.4047758110308,3.3251650397866053,36.0806280448812,18.889436268457814,48.86415621967415,11.358938964810765,18.838441918401024,18.05814230397117,2.880320593142589,42.015231539359604,10.952437737185686,24.6009793291454,19.36848066196739,3.0628707323418234,45.83821882079393,10.298912921753331,22.083917944795807,18.69634469111545,3.082605621541657,52.47155674561982,7.509792654325763,7.8322822147766376,21.46030369017575,10.726064695102263,40.492941263316425,7.511742145790651,7.646456832805827,30.788070800138488,13.560788957948231,30.466835059455253,12.807037871695783,26.926237692290226,26.03357746135577,3.766311915202768,22.565777397466626,7.10415502194465,29.470900324845687,11.646392057816879,28.94579226051485,26.293607887289053,3.643307469533331,34.07219594277158,9.244554892249244,31.80709327287305,22.064068778233604,2.8120871138726224,51.573011709628936,7.8499396613676,8.826457499573344,20.811869281177035,10.938721848253033,64.65311835173121,5.355110523583628,10.34922336218461,13.635018469658618,6.007529292842173,39.15913999831525,9.375615159762084,23.70526945057334,24.437761849729384,3.3222135416200964,46.02459117342345,10.7013619635771,21.228395457050933,18.861091967701608,3.184559438246785,49.83074245403419,12.775028466316845,7.7885415457719,2.487698884472003,3.2379415406000174,58.112796834889174,28.37302119426697,30.26801321846449,15.348483920989814,23.545602409035894,26.926701776323227,3.9111986751866814,30.961003023264514,9.913905157159151,34.94770268807492,21.41348977699222,2.7638993545093578,43.84689603283474,4.568161117922084,5.165299480507167,30.85820320294687,15.561440165788712,24.998144654613927,3.0925247165105856,3.6809424974283034,46.4735787947429,21.754809336704426,55.33068219294367,4.980527570474679,4.76613293514409,23.55355647274825,11.369100828689332,55.13732161346901,5.55922083709567,48.82602675869489,9.546615769253211,11.624385547930784,24.444677616548816,5.55829430757246,34.473507341032466,8.791233249937845,11.623266927708563,34.829283158191004,10.282709323130245,23.63450824980268,8.944414998285739,39.733629180976756,24.522010254472537,3.1654373164622798,34.47281180956141,8.148678609658049,31.617160698530068,22.65632240445321,3.1050264777969434,61.23720208585225,4.689113961237097,4.503307329753701,17.778909015275765,11.791467607881048,49.93072583611646,1.8445607523648455,2.202658362805757,30.207921092003552,15.81413395670929,78.963217893484,4.426003874161168
3,34.320502044011896,6.1157897334351885,11.011662999999432,28.46714955180593,20.08489567074733,40.70253553858715,5.965846446070675,18.14033940167908,20.403993126435424,14.78728548722791,71.18185927699732,6.286839250502874,11.669635018540445,6.957786672500969,3.9038797814581434,71.26246934559398,5.758703146691822,12.544909099610164,6.365526965414486,4.068391442689177,32.666347216305795,6.6820148701029245,23.982016725810794,21.193685749303746,15.475935438476661,32.0370487643896,7.397853542424383,22.331702658816663,23.116852612327808,15.11654242204141,19.082765805095548,11.423088904824017,24.455384941154318,10.044562667942738,49.79172329208002,12.151239053582428,3.5570900452399754,22.52209668688166,9.754539091380991,48.57690582134926,15.440672490959935,3.705785909428093,22.86709037793921,10.28183811164715,48.74463936770733,14.349258092409974,3.7571740502965927,39.0004096355271,8.289694616296714,18.848959007139765,22.10515023792655,11.75578650311006,23.64779150343997,6.2949467731512865,22.85224441938082,26.04234042686256,21.16267687716557,35.39202814028787,14.254563153341136,24.101881839998377,16.864619575551576,9.386907290820957,35.50042931879296,11.606763187471481,21.68587812613987,12.47357051275525,47.12546542365511,15.468643212027485,3.2464427254226367,25.41093315574586,12.359080418105247,47.154747022789685,12.62602079980266,2.449218603556391,24.993239167471266,10.232265104017623,31.30839396660273,21.524403883674275,11.941697878234107,25.62547502576992,9.04427719738095,30.704345032817603,22.120741568219533,12.505161175811965,26.12093245892746,11.85060543714747,46.53153728515561,12.821844070065673,2.675080748703801,23.472580372213635,10.455094653234653,46.96827725755191,15.044321643804686,4.059726073194755,47.18874750591826,8.259496110697565,48.60143552783097,7.896334796287376,22.091279378176623,11.938588319922946,9.47236197778193,19.9001748984996,12.830768716572047,39.42888311528897,17.84195575516479,9.99821751447452,28.899367312125396,11.404244891229224,41.09446209369015,12.810798803609504,5.791126899345747,44.430113791904354,5.5464559959185245,11.485607868935109,23.472428282153945,15.065394061088055,29.02031489598024,5.132994264469518,24.004081823672323,24.04584256802593,17.79676644785204,49.04432222501154,6.565704239289398,15.772006909157033,16.62218263818074,11.995783988361875,36.11337791953039,5.2594934983803725,36.983402960333294,10.70223740122691,26.772397682888045,17.60256771545615,7.939394240095582,24.318049574184123,10.548313692967985,36.69747396475404,19.017408831160235,9.418753936933511,19.9434119428223,13.47779425094901,50.937368776045844,12.70406931610999,2.9373557140729685,28.907063793086998,14.919530972791009,40.08052491637177,12.989853094145362,3.1030272236049017,51.852530807489345,4.6702873730576195,6.837612674075495,20.484155275604195,16.155413869772907,83.6205039507115,3.4694991521429417,2.708935666742319,5.407235590224948,4.793825640178576,40.37821622798342,11.564803596789611
4,85.71116840985792,3.3058035352449737,1.4021460368410927,6.0187290729652805,3.562152945090621,83.40619512734881,4.099640357114922,1.9657940298395984,6.6547085905092604,3.8736618951871806,78.39469056043242,3.9521394482447167,2.7492313841105767,9.515782624962485,5.388155982249867,66.45942000500878,6.981333229754956,5.489166727378048,13.918645154066372,7.151434883791941,27.73022964294707,8.624333690871735,11.785026070918743,28.885249217559892,22.975161377702648,57.96639144149185,13.391519254521224,12.356014572794418,12.486661611582036,3.799413119610458,50.66356613101171,14.99638215625848,60.132564273042576,12.484915748734204,14.401902988797202,10.877919671951098,2.1026973174745787,52.182790396664494,12.386292962477286,13.175366851286096,15.414112410124572,6.841437379447794,57.45452707633122,12.25115090059816,12.959511464665113,13.053600445402045,4.281210113003795,78.15027591918138,5.119622228170108,3.454423950668365,8.905902053756314,4.369775848223676,69.55478181902957,4.500237934773142,3.706002692775096,13.360475090016804,8.878502463405539,40.44033136118802,9.153487742204929,14.413905132127573,23.047608640680767,12.944667123798547,36.00967633881661,13.651304117015453,47.1103733858397,12.980735134821057,20.691303753433466,15.098752871553126,4.118834854352727,54.55697984837735,12.434499399592614,17.184047103116768,13.442433093054216,2.3820405558589512,81.74931923312005,4.918237981216981,4.176114703558402,6.271172312131022,2.885155769973641,63.19478404867118,10.349888159263584,8.259593264624563,13.245842007959821,4.949892519480816,53.08726193387432,12.900248046123496,17.524711100749705,13.422906567655685,3.0648723515967964,55.0355006491984,12.667168027872451,12.623247367248222,14.192548876371355,5.481535079309306,67.81398575716567,7.284219102597368,49.237260672293225,12.866601697420494,10.854228279636418,18.00277354200443,9.03913580864545,35.44168267559951,12.084624684464352,17.70723242391764,21.29730649670929,13.469153719309055,53.426900969962674,13.233784420404591,16.525530069703795,13.481252224499945,3.3325323154295234,79.77670887525021,3.3526176579084903,1.8321251105621383,9.151717497945944,5.886830858333533,70.99304289422112,3.0810754569107623,2.1973697604417377,14.480833148311946,9.24767874011452,86.15105567755455,3.518793564352957,1.629205230329549,5.536528555468405,3.1644169722946915,84.8924417911242,3.7847459302880417,74.10259775602287,7.317072557788387,6.266964057310048,9.283268255548775,3.030097373329752,56.21363612047221,7.507302915100366,7.873544051142253,18.29855160824875,10.106965305036217,33.16367892152102,11.654021702254887,30.00241141644389,19.934330660680523,5.245557299099655,52.289744535863,11.898496339899713,19.343912048717343,13.982055013071088,2.485792062449029,85.99142455451711,3.729152005720033,1.264955852844508,5.4469104950872556,3.5675570918308965,87.47365454137352,3.759714768921598,1.489133502721349,4.7522389834357215,2.525258203547818,72.93413322459241,5.0219288682989
5,46.22926254129119,14.015413010536781,11.20462227455567,15.762932175460666,12.787769998155543,40.1520283670855,8.817522674404168,7.3128922672898975,20.882499888210408,22.835056803010026,44.399514018960495,12.468863512316238,8.736938757928456,16.854894203696638,17.539789507098092,31.19086138504189,10.642796805628985,8.683841308194232,28.443095852094736,21.039404649040087,50.37973686248888,15.036925535304675,11.344285600841436,14.098112917258804,9.140939084105902,44.82722145762082,20.59629540890581,18.87118842117604,11.763746370673006,3.94154834162448,60.666607971419566,14.325136133976061,43.815117318115995,19.8166726575913,21.312230281248354,11.720978769177568,3.3350009738663537,49.845785402131966,16.378486793617206,20.208844070482982,10.176183626567378,3.3907001072004688,44.033671251652315,17.068686375141443,20.82452600284906,12.5169254370251,5.556190933331879,39.944459532766736,13.631743847694008,9.038216356897307,18.839238379694955,18.546341882947267,42.326090011893726,18.679680266834996,12.347068837326848,15.966828861134625,10.680332022809747,42.056948664778965,14.630739572582286,24.145227303669486,12.520932547603653,6.646151911365823,31.839133574423442,17.345054130319074,51.32801427956761,15.614448077846706,19.61769002474257,10.75510351748849,2.6847441003546737,43.42978944562914,17.299352195278455,24.622611365625552,11.514557651876647,3.1336893415903138,55.43717510122531,18.20160007883203,10.96838266871166,9.758115423813033,5.6347267274177675,41.155822234373936,11.695805646220244,16.565710981463972,17.625324086583664,12.957337051358595,49.78203393111811,16.273182479140193,20.206751638482828,11.04117740118484,2.6968545500741024,45.87055782548405,17.099680431978754,20.884043235739632,11.782745252061806,4.362973254735506,43.83929257048422,11.627020020410221,43.84169933423403,19.63760663141288,18.951672987497908,12.537953320155498,5.031067726699737,47.64667533039585,17.26691111790248,17.27137416386631,11.769055843159355,6.045983544676142,37.23446658899609,20.005078925328238,28.093970068364854,11.699902996509858,2.966581420800712,34.73173841687919,7.0961439461189615,6.028914675329468,26.99429014377203,25.1489128179003,72.75834291267289,7.165731171865497,4.782788527887952,8.967006590602498,6.326130796971206,60.78691222727169,11.171954756053466,8.053921862171098,11.921378638467786,8.065832516035758,50.770114973261535,16.027142374577032,51.79471779180936,18.107258690474673,13.156132654289966,11.610691914395227,5.331198949030718,46.28683639401415,19.757932525682847,15.352573370433744,13.605387027971645,4.99727068189767,51.917073468992946,14.565785897941675,19.296510991104306,11.071676085946159,3.1489535560149093,50.44457974365532,16.216336280940205,19.4990028290875,10.708154316771683,3.131926829545411,48.31057686252759,3.4435231248998424,2.5413619960530878,18.29413677895445,27.410401237565107,21.96749099905816,3.0419295758798888,3.1353356104136334,34.52530129792412,37.329942516724216,45.81199724938614,15.536961219357275
6,68.85093288704233,8.37383328085348,11.636653668533913,9.251855109880381,1.8867250536899047,86.12131668980386,4.531008067612109,4.5085774047430345,3.972761114499897,0.8663367233408791,89.67095430270109,4.6137314514502,2.69134247502629,2.5135588828081965,0.510412888014141,89.95796699671101,3.9659018138479976,2.7705181242854247,2.771515895372451,0.5340971697829455,72.1554751433272,10.639134027428996,8.89258503762807,7.161680426735866,1.1511253648798148,65.69817666529599,11.893424444190753,10.837786482410898,9.568411296022619,2.00220111207999,52.6327415806381,13.438758154372435,34.96005954030729,16.26342899695985,34.781306441423716,12.068715854253027,1.9264891670563864,40.162887953254206,10.528931623196133,38.52811329019194,9.353945152560003,1.4261219807979053,28.63178784892745,11.527285851846486,48.62022693916492,9.915364641445038,1.3053347186161068,69.7123590335287,10.287578421238926,8.193836110405568,10.466878280617372,1.3393481542094938,77.41823400825702,7.451661732648957,6.223041047518749,7.722914628759381,1.1841485828158624,67.94666646009998,11.025936939249787,9.049407656374276,10.329330628965923,1.6486583153101633,63.75229934966194,10.466247702364642,44.35788378802207,14.507867755070176,27.73026668006205,12.071159405187291,1.3328223716583116,34.541357593251576,14.697873447354635,36.946650771438286,12.433116281770813,1.381001906184321,55.904681789821424,16.45161116341722,12.082143459397587,13.439093131554372,2.1224704558091894,41.22489696843339,13.61950916188033,31.37114047310697,12.236384002782998,1.548069393796291,29.559444379322397,16.364331948789214,41.132159605875394,11.725370083405773,1.2186939826074077,31.30062362497751,11.100694398208878,45.81111682427697,10.32540344129257,1.4621617112439056,89.03373860613503,4.5909190141026155,85.19671290794093,5.067646997649119,3.9330958362681963,4.839299813253618,0.9632444448878014,62.59672775785138,12.49324936549078,14.1718465412824,9.466959690952486,1.2712166444228408,61.79180853434243,11.470824104944587,14.857250223639419,10.343610626290788,1.536506510782529,84.92697302126395,6.2409930655633055,4.465099600131769,3.65407674541068,0.7128575676302353,86.57058191966111,4.905654595969328,3.7771949024701663,3.9450161524325984,0.8015524294668253,78.68651554150344,6.365007564803184,7.244307011314392,6.257275166862602,1.446894715516556,70.95045166007529,10.108530144718461,57.732050287782485,14.44318020244582,10.242765177989211,15.72659983479726,1.8554044969854169,55.24899978074938,15.28156787018777,11.197422919467595,16.004926960633345,2.267082468962043,42.7378829703607,14.841468307562073,26.67343331158337,13.994307427387865,1.7529079831055268,39.89894703641933,14.989764423325047,28.50097645637497,14.822788011747436,1.7875240721330672,94.32374028743065,3.0961282785003927,1.0505765478845666,1.0723346167501635,0.4572202694342019,82.27271911696525,6.743894337121327,4.249902895264282,4.746852045646222,1.98663160500319,70.23690644206908,9.336770783225333
7,85.53786472527662,7.027353657433329,2.4407323871218334,3.1993189018611536,1.7947303283068372,85.12710070297213,6.962909962229163,2.5597396418449843,3.4204242953159465,1.9298253976375923,86.99301465987989,7.0190514887387625,2.2179823464100847,2.54391434740946,1.226037157561957,70.19842572277855,13.792456941997225,7.809330665329768,5.631957837790616,2.567828832104045,45.640367221496255,19.081616942391523,16.825796423224997,11.849879257747851,6.602340155139164,69.00509606959346,10.483583265963654,6.699986254404321,8.201467580324454,5.60986682971387,46.10778978245326,13.940828756340752,60.73128857630979,13.303238866600521,10.806878344094033,10.911428150076224,4.24716606291928,58.3634233566101,13.021465480776042,15.762496593969042,9.205374032233408,3.647240536411278,60.3147303466147,11.817496946996215,12.066816035869774,10.175786459610334,5.625170210909267,81.18915668439054,8.511042311394181,3.5113488479995465,4.3119689238036285,2.476483232412292,66.23234654634494,12.7849980126454,7.766186345768792,8.317868535243306,4.898600559997455,56.60462495445492,14.873872287115633,16.352356320167743,9.474077262286476,2.6950691759750947,61.7201989744317,14.637834435929587,48.92123207025218,14.132599349460769,24.556228815827627,10.118564725783044,2.271375038676466,64.52522215800877,12.784389478941936,12.954350004438556,7.666995189356808,2.069043169254323,80.18235993354881,9.549303238452994,4.525993645922517,3.908013332917509,1.8343298491581044,69.5353915559824,14.507678160670187,5.802002108133366,6.2384052798869885,3.9165228953270788,62.950541920712396,11.844836807752108,16.153756934784298,7.267951807092235,1.7829125296589063,61.56239017707078,12.023773804926254,13.19606219954285,9.093670413010816,4.124103405449488,74.71669843689149,11.945132484716265,63.318218049612376,16.477997709066017,10.656140853980444,6.677764946181954,2.869878441159569,44.07254454270798,17.882369087587854,23.432633891147944,10.942838040271416,3.6696144382843743,64.33511455223929,13.450231749256798,9.50632577847313,8.541485884725976,4.166842035304687,85.21885182520828,7.118019079828493,2.4979424074030097,3.4031922276715227,1.761994459889045,78.44684073448693,8.061405479491468,3.8810293939972516,5.968546560051286,3.6421778319729343,86.5037284109162,6.5275175572803255,2.3211753465046434,3.0063570295665887,1.6412216557326929,84.40421424704246,7.316811629118947,75.28974352519901,11.532882519012833,6.2675274952473305,4.878126375733609,2.0317200848071355,60.48719662927853,16.487118552766393,11.6825369545701,8.024452131637322,3.3186957317476136,44.796368659294785,13.422892647518252,29.040500135542523,10.406061515933397,2.334177041711272,65.58333651099768,12.279199852481122,13.03591468049867,7.041247101895605,2.0603018541266125,82.7486377794497,9.52554287186793,2.6655739550059074,3.263537365854469,1.7967080278219645,84.06401492343623,10.603104817235613,2.2049399120245092,1.9685227448522231,1.1594176024515828,67.05796053906047,7.232276859694786
8,77.41623564600529,11.940190828068914,4.14955725854467,3.676553561204648,2.8174627061764355,74.69076765496997,12.893428308257358,4.6268067975560765,4.582189732568978,3.2068075066478774,60.02898643311369,13.079689239803074,11.751216853611185,9.566390436979304,5.573717036492481,70.09326452702665,12.981452534222445,8.062046562657653,6.323558718067924,2.539677658025306,49.50220495304709,16.856491071575913,22.63444948386454,9.595174053330046,1.4116804381822785,47.57570656956458,13.690235198231676,26.661914223864898,10.611104232453576,1.4610397758852212,49.88717968167615,15.554114874985276,46.046358524375144,11.633203267446367,33.20770043019116,7.740546950270674,1.3721908277162842,53.601889484933096,11.67807596174973,24.71750347633129,8.31654705806143,1.6859840189247095,55.921090970934955,9.057784553258944,25.482158562303443,7.79352165676615,1.7454442567367532,72.09571840830719,11.09122791919872,8.325395624456311,5.736486764524821,2.7511712835124564,72.08770209365761,12.309762394103318,7.779061744663875,5.956738841558996,1.8667349260163228,51.06345321564599,14.592340679571162,21.258075647355746,11.548815381262493,1.5373150761643057,48.2526634235903,13.412510248194067,53.38249211085739,11.811735775608252,23.722670802571297,9.785060335051325,1.298040975911496,51.00793301963129,9.234706702789532,28.96522337119781,9.458806339988099,1.333330566393375,76.11237089959342,10.6150976411794,6.7375397931322505,4.422405870684562,2.1125857954105056,71.93532688130078,13.017805261811171,7.868924195706805,4.784190766500281,2.3937528946805617,53.76087219667085,9.263295761364725,26.305562802964932,9.369737510321986,1.3005317286774898,54.03867979795065,11.645587499993356,23.927384235002624,8.496242539185507,1.892105927867884,62.62642866964744,12.653591289797149,65.37749266544152,12.841978892917998,11.282194702330186,8.656341514864895,1.8419922244453997,53.24065471495643,15.088285748480455,20.64989132588111,9.683605429160922,1.3375627815211133,48.498126828189,11.270245108700681,27.9003260146698,10.754360923760323,1.5769411246804912,74.87295435010084,11.197266442031758,5.180742696892407,5.228349112707799,3.5206873982674662,73.75788382726898,13.025024554180057,5.91348835258479,4.7694909078210355,2.5341123581452183,76.07252605000436,12.500758355780507,4.5268363115242485,4.0063315774345485,2.8935477052563487,76.45640271114118,11.516820023762195,68.6651752175184,12.01179797791063,10.340230558238535,7.030839616095173,1.951956630237504,69.41725356240366,11.53107038006458,9.655499334171596,7.690466683875942,1.7057100394841402,50.423163261362575,12.594225769208226,23.475775235330662,11.898655979109227,1.6081797549895152,54.045394787470244,9.447073635397457,24.33947260984087,10.549880585289873,1.6181783820017108,80.14107204413051,10.737175114233835,3.6969902915847337,3.0556007623997736,2.369161787651336,80.99332329235756,11.289789279947126,2.8666730023917717,2.596957451399416,2.2532569739040915,68.87354967131401,9.153936937298722
9,73.99830468801376,4.585788852713977,2.9034988478654578,10.612243322211429,7.900164289195608,92.66535377045473,2.2423018802633394,1.296518136428921,2.6457750048176623,1.150051208035165,85.4825000996199,3.7643755871748015,3.0377675603220204,5.474955098298987,2.240401654584413,87.16003971759301,3.985518586982328,3.1186180810855184,4.154988031682122,1.5808355826571163,80.26324331766502,5.697290701439624,6.7417350570679995,5.749525473423543,1.5482054504039895,86.21089904596779,4.48333169937651,4.420360310087867,3.8094206630539738,1.075988281513977,75.31055606407133,5.8918208753912005,75.04070004339574,5.7217435801332766,12.23240318516005,5.369347956310331,1.6358052350008483,60.13412936273025,7.138733485790174,25.21171709744466,5.606756474283725,1.908663579750892,73.80284942543145,5.310884887425906,15.54682837505584,4.193847417246111,1.145589894841029,86.45789672710976,3.17317768926571,2.9421651688245003,5.26809083637034,2.158669578430056,86.68036407531939,4.058569616549009,3.527351741227525,4.504039866631959,1.22967470027195,78.85687623014503,8.048191736149638,6.663992611773652,5.182905611675928,1.2480338102558608,79.50610165849609,8.219999633742447,66.27047958547115,8.510152415067791,18.654521153478417,5.312705452310259,1.2521413936724943,61.39235449411002,10.214514317685776,21.53983596736387,5.556485593698233,1.2968096271420742,84.23563725622249,5.583736051026096,3.9148587661854983,4.7482786752875175,1.5174892512786318,91.74502421582636,1.8170007217792388,3.4063830560589654,2.1570715649209644,0.8745204414141241,66.4651383780496,8.795797166826713,18.156595234869787,5.298437546763714,1.2840316734899162,79.26015227408773,4.325032952758442,11.681630134329875,3.671230607508247,1.0619540313157771,92.03385566248686,2.2419273474460284,84.47337086609858,4.4731857227828264,4.2244972006673205,5.353165678902445,1.4757805315484611,86.20430767874306,3.8522364889374687,5.549930345884551,3.4578169315150453,0.935708554919624,77.95994828880913,6.080501191412671,8.434250099698062,5.845873923792006,1.6794264962879475,70.27091387252956,3.758543607495541,3.3533236262453867,14.084289287010453,8.532929606718833,88.50209462993799,3.2961180002614694,3.118302933718972,3.95900861777653,1.1244758183050922,84.90226362290538,4.99728174242541,3.1021495991906614,5.020784686062738,1.9775203494160285,84.68864086673358,4.5136565168456695,77.13998396552259,8.206993165083105,4.933923404555543,7.135294315310472,2.5838051495281222,86.02475153470628,4.7363632744324615,3.545031489290736,4.5858370831136765,1.108016618456812,63.585366615911255,12.447431957732615,14.829097131799363,7.6130592216385935,1.5250450729182912,58.17494611497254,15.530548387573194,16.41034258625527,7.921440783263664,1.962722127935532,87.47019632842066,2.293915284767712,2.7282612269551825,5.158116295362344,2.349510864494346,90.4568489027717,2.186622391790746,2.4643420051865075,3.738937069846701,1.153249630404478,72.46216796246252,5.768266711336309
10,51.9357845170045,15.677079635721128,20.2989982223564,9.267048069859383,2.8210895550586983,52.569654264327326,14.341977824464266,20.600720539583076,9.664878490079877,2.822768881545372,50.8719952549223,15.1380545224735,23.5402561385244,8.367388441521548,2.0823056425585498,51.557966497498036,15.945995625513994,20.991773627016027,9.232301027568484,2.2719632224033828,40.2546208438894,13.510030901201393,36.45534709502695,8.294005995316494,1.4859951645656375,43.216472999511005,16.116449855988122,28.181761824820637,10.387907122442009,2.097408197238331,32.74037873675857,11.448039378689973,32.50350659938794,11.787317152813575,37.654388382764395,13.211341156332375,4.843446708701646,40.39992961235279,12.848917452915346,28.197772596895646,13.665869126874107,4.887511210962318,37.570146256303,12.013185449032225,33.875277140475475,12.65821654680811,3.883174607381065,50.89018193001606,15.403915635412394,18.40133516140297,12.518897326738164,2.785669946430611,54.1143533465251,13.54717909403876,14.639717739673118,14.349290434676465,3.349459385086056,27.19026298254148,9.116039883494654,44.41508134144227,17.27173934803897,2.0068764444825034,35.818379708693385,13.098699187035676,38.347919254323116,11.798262711070585,33.87444786631062,13.932334726103619,2.0470354421919867,31.981629115528392,11.50880911243232,40.169150788345306,14.389408739391751,1.951002244302216,53.4687685708698,18.97571875530575,13.802314322979903,11.528184441802091,2.2250139090425054,49.46055191349274,15.242500687260327,21.6934822240521,10.002944643507169,3.6005205316873763,35.529227564152045,12.238200449583195,34.90940027007824,15.320175221230993,2.0029964949556343,40.10679088136642,12.735814757254724,29.97830638582865,13.051509804769909,4.127578170780482,42.8993906876457,14.773931529303127,48.05084714882478,16.57537143734124,20.646117061028225,11.995882808170775,2.7317815446349374,35.713443316384776,11.727487361652805,38.98502620459655,11.873142604541604,1.7009005128241286,38.77306164795292,14.61243136485637,30.748195665319997,13.912246583039105,1.954064738831788,48.68288913597175,16.528381647279552,19.792181867038092,11.579843191381025,3.4167041583298468,47.78259592715538,14.27234758604114,18.96112914656736,14.079387313154154,4.9045400270821125,50.74257154347071,15.305568858939896,18.454279983430407,11.082856784576856,4.4147228295821215,51.59234945679015,19.445724366836508,47.311316609948385,16.28996147106484,19.531203134423908,14.475976732124385,2.391542052438493,49.1023821604722,13.974959366798144,18.40905220893805,15.563864007717733,2.9497422560736526,33.52475684982013,11.619924828919162,35.28518803025764,17.335271248110402,2.23485904289247,38.79232652630332,11.231561764900846,30.289981902874718,17.463589129184626,2.2225406767363944,51.11890820709095,11.594299607550173,13.562144018314733,15.499261519568124,8.225386647476164,54.502369479569815,10.541125687783053,12.427552870007124,15.561830322403472,6.967121640236537,58.82098731048172,9.155334148216339
11,66.73796499296326,11.340099534497948,7.5485104085949715,9.296429331981534,5.076995731962276,66.65182699507736,10.650796317220811,6.523259627115543,10.845949386719964,5.328167673866198,90.1000189595067,5.209978258492623,2.213741270104901,1.7137362051727678,0.7625253067228728,89.68947448416466,5.2568550990450085,2.2628472815639653,1.939392805889964,0.851430329336338,65.82936495454247,11.317251641116975,5.885219790940268,10.477453164725253,6.490710448675038,65.30641760499425,9.894788062504768,5.7806871418344725,11.698443282296871,7.319663908369772,51.128960063445646,19.665037800482406,48.860743147143296,18.887239269682148,18.165681329123824,10.732139190818039,3.3541970632329683,42.80185217489787,17.49421802749044,26.67082378446941,10.317460471954414,2.7156455411880103,40.30607541889765,18.094638281132593,28.53014661323291,10.823538117386011,2.2456015693509466,68.69195681438255,13.654965763317016,7.721359246664754,7.2047034172644695,2.727014758371172,74.057941061355,11.791264788189098,6.086843110756185,5.838333009189648,2.2256180305098883,63.69065769089033,17.034312302012516,8.245451790735437,8.750582267903697,2.2789959484580247,62.54362929818139,14.258368866870539,44.712086786813956,22.050234133094047,19.327207158957503,11.519558741104493,2.390913180030092,44.18653166926121,21.42634505956849,18.193393100665645,13.468367776153851,2.7253623943507628,52.170303015011655,26.121175147139674,10.007293813785404,8.615691089760286,3.0855369343027235,74.27855082956752,10.227011234310432,7.294928748994732,5.848469211733122,2.351039975394531,34.636188379128626,23.531352765299435,26.700643236266576,12.727095887537036,2.4047197317682225,36.6293274488889,20.59638037566535,28.544331084828453,11.448898539798956,2.7810625508188176,80.85157056499341,9.0886508574514,80.80947618045417,8.734343260017098,4.782712709587226,4.3194015737686176,1.3540662761727869,62.309645714026544,18.240622245589744,9.816687238389672,7.696949665216442,1.936095136777373,56.52178751872711,14.150876939459051,9.32783922068393,11.76138707670185,8.238109244428191,68.51073685056474,10.95357316937842,7.024496134841952,9.090859638386677,4.420334206828233,71.34982497137098,10.194581016275377,5.552480666047909,8.467763203046744,4.4353501432588365,67.70899774771433,10.8334744903822,6.6718629248883,9.494217023081466,5.291447813933842,59.43961810564541,18.912968771993448,50.12383584675066,25.215640800956717,12.150387050071346,10.003243872267227,2.5068924299539916,59.04287604092644,21.29053127822422,9.102612800143415,8.215344883970946,2.3486349967347318,41.72492985305888,25.82833375188423,16.50301354085335,13.3764128596833,2.567309994519943,44.67381137726426,22.704652406559138,15.71023338195599,14.265456463054619,2.6458463711658537,82.9810050962174,6.437501507651723,3.6796717670168233,4.544779883536734,2.3570417455774444,87.14789266179693,4.964720978976875,2.411093055494661,3.620567999404282,1.8557253043268507,57.70758560553533,9.626454660513998
12,74.31847053072906,5.3238736668876,6.678928869721707,10.796086705036625,2.8826402276248033,69.10224521403589,6.464926145928465,9.000886727046803,12.302047673453176,3.129894239535825,70.46328862900155,6.1603084812514615,7.223882146972241,13.36784265298182,2.7846780897927843,48.232493454460325,9.866412152296158,14.848707151761529,23.276306546316782,3.77608069516529,69.81794369584821,5.870326114765938,9.589441639158345,12.503576853846779,2.218711696380625,43.82687892256285,10.274594737169435,16.28492053014283,25.807201771269874,3.806404038854964,33.81635883296852,12.0215398397552,36.970860099800696,10.171174059561412,20.84071748978103,27.36609640612325,4.651151944733535,29.43084779050189,10.72900642279185,28.509191147695656,25.38728528717852,5.943669351832254,30.52843643566332,9.683446906393128,23.837961966392825,27.95183837210777,7.99831631944306,63.455869785124925,6.1199046296801285,9.241123319196456,18.04461997452898,3.1384822914692383,43.344894475237055,9.084688979772206,16.054043118661195,26.381253940929614,5.1351194853998425,38.767609430828315,10.863253449712843,18.5470913120356,27.462731463890428,4.359314343532938,33.98736694510925,9.408966933947767,29.2156213222947,11.900137645680198,27.271401288641485,27.0302746140031,4.582565129380424,34.53429479556887,9.187287017704664,22.95167250536309,28.671037231175852,4.655708450187459,51.46534098231877,8.59415158378794,13.762589039893241,21.890159939062734,4.287758454937514,42.29849227893114,10.86836756890959,16.810723672081348,25.560325849373978,4.462090630703818,40.22760261281214,10.005004987725243,21.691154131569114,24.029748704933724,4.0464895629595885,31.64151175589931,10.632748514757557,24.28199112208231,26.5562693279244,6.887479279336728,46.04933572828514,8.776938222643517,39.093585522502224,9.61819788233759,17.23558678681978,29.16155575476828,4.891074053572228,33.07673940443869,12.130127362484096,23.523927520002623,27.019665990210576,4.249539722864366,36.69286269517038,9.922263353069576,20.3168928762137,28.74909752950913,4.318883546037205,78.77681225339809,4.018973521418025,5.352284879601763,9.521689563242328,2.3302397823399006,53.176784448770974,8.309656677600724,13.35332417982904,20.443613509150637,4.716621184648464,71.29951482471151,5.908615725582295,7.957109257235683,11.774239704496374,3.0605204879740966,64.6162085904204,6.619504486605178,46.85905157803605,9.084726757316854,13.628191959871144,25.5859472757406,4.8420824290355835,36.975744652228734,10.174837005897697,18.150602645013578,28.671998850627,6.026816846233253,30.58957132927579,11.216746594779275,24.225820956761865,28.741128356484285,5.22673276269855,35.07185769352686,9.400121101244274,19.861754762999325,29.84680064594255,5.819465796287003,80.68443059320575,3.691223630534116,4.4817805397684785,8.247016302729286,2.8955489337623823,93.072679026212,1.643565082986555,1.529560401770373,2.701817746162956,1.0523777428680623,71.15162797915893,4.534417718556457
13,91.62422986005606,4.379647302789317,1.8320991268909208,1.5361052853443176,0.6279184249197702,91.19769941850538,4.414882681830164,1.9745992481823824,1.706315955834962,0.7065026956472346,89.50212786539312,5.254393251043284,3.3234887174818506,1.550658188826982,0.3693319772546209,90.6718473996192,4.325431500638632,2.887589335325922,1.6237581248807424,0.491373639535105,62.781841741330574,15.954713049987873,13.667439094164374,6.548700237893912,1.047305876623056,70.71238013754892,13.39652329225043,10.222602580450497,4.72991726345818,0.9385767262920742,40.96550061483529,19.390258741515773,47.26704559980739,18.774950551536246,24.395252756449715,8.439237789429358,1.123513302776994,46.031594276413706,16.509916779741758,26.528736531761798,9.455055525643543,1.4746968864392485,46.419834862284716,16.267302878700043,25.28735077361856,10.521546318844203,1.5039651665522098,81.29790985008914,9.313722191994943,5.7967096158958915,2.8822145226990923,0.7094438193212232,80.68256291765256,8.151914654292884,6.398284398559183,3.635879870129928,1.1313581593656998,55.39807239914985,15.07857093136393,17.843043657771858,9.965898171834805,1.7144148398795065,64.20521405041833,13.315522913837727,37.896650986959855,18.80145974561135,31.82757151112237,10.111013668913783,1.36330408739293,49.42343524738565,16.92024196281662,21.462436736008684,10.472686915382193,1.7211991384072305,80.1465835422586,10.025964151065944,5.933270976512847,2.9789711083141563,0.9152102218483776,83.72902403352688,7.107105394121323,5.811918343397249,2.6219342813302946,0.7300179476238373,47.467609133268745,19.731234778036498,22.665290358004235,8.727298686362005,1.4085670443286005,49.32290748129624,16.811970306282536,22.967207285580958,9.401960459541787,1.4959544672986107,77.25589220864241,10.032463675540708,78.76627065249386,8.942945073610625,7.8287309411346975,3.606240366746456,0.8558129660140344,44.82183988189587,19.27545240666748,24.643386790241536,9.874767145831887,1.3845537753632238,59.16939499987478,15.949887275532957,15.924784341121965,7.450321936772585,1.5056114466979515,89.64468722359436,5.144508332107954,2.8156202308120366,1.7626341418731744,0.6325500716123009,88.32844675445482,5.290916703057738,3.1390835533669623,2.350562437735454,0.8909905513852093,91.12547097006781,4.502494771436352,1.9998146135613135,1.6676671188673406,0.7045525260669899,86.81233718193481,6.538529499747048,69.31109540219542,15.409701609683413,9.224969214367263,4.804940008598941,1.2492937651547311,66.7478249500178,14.819592135457265,10.712021947845434,6.0047120900075805,1.715848876671646,41.96186500998575,17.181519432190825,30.28872237082907,9.313084447756168,1.2548087392380498,50.08237061707414,16.35649125746849,20.788657765256172,10.597985992530688,2.1744943676705177,92.5602586737842,3.9675688720432793,1.3861437379061852,1.4142732915777765,0.6717554246886904,93.55074227904998,3.612054198244853,1.1648820483993243,1.1445359670929929,0.5277855072130517,52.29915934652997,14.465733298430386
14,84.12206216830658,5.283362042248901,6.670556416627508,2.9082000281186713,1.0158193446983237,77.79773907304019,5.567989519167014,10.770594956184397,4.32791487432783,1.5357615772802728,79.2572464096102,5.814154626757207,11.112694181117408,3.0932361184582478,0.7226686640568242,73.73089715766895,6.247800770567451,15.399076347693772,3.6722119601595336,0.9500137639106636,38.89874929020559,13.929048027471516,35.1865941250337,9.91949327663352,2.066115280655525,43.869213178925044,12.36986800984733,33.53192200827217,8.815910180010126,1.413086622945264,32.719885510404445,10.353172775850524,32.155418595234984,10.813231762400381,48.553371478754066,7.619816792183615,0.8581613714273741,34.31846082262302,7.285537416954888,48.042587604187965,8.747800949067104,1.6056132071668423,34.252093194962804,8.139345468821139,48.09658001997962,8.645602960298758,0.8663783559377083,58.53517176151845,8.842202771331607,23.62284769631845,7.479299928604036,1.5204778422273326,60.326523399337546,7.4486091419323,23.55211464906158,6.698526590811884,1.9742262188564208,27.616248296363896,11.370844389894874,47.90463802692985,11.71839966111574,1.3898696256953886,36.243433891752964,12.956836297469854,30.618866381824926,7.460827257492535,52.38309056634372,8.653737448239907,0.883478346098808,29.413361524079583,8.350951607788362,54.53631625376497,7.0389581986821215,0.6604124156847696,57.13243568395511,7.11873289466229,27.701753490451146,6.651808077605195,1.3952698533264114,81.31150269379413,7.051683977464403,4.599215415843826,4.835352915673973,2.202244997223296,33.655752877179545,5.7949651219328455,53.23996227248807,6.634672527446309,0.6746472009531145,36.14405903980008,7.6931520868315175,45.75789892319013,9.143073402843996,1.2618165473341678,51.553210534325856,11.755146795300615,49.48305661377445,10.509844714435523,30.608253586370395,7.935875331094298,1.4629697543255649,30.589463026997407,11.757231122082008,46.14320364910503,10.379943346108453,1.1301588557074007,33.686090038285535,11.561036716421686,44.546524751651724,9.049704967517064,1.156643526124368,92.09912164577305,2.227247415775334,3.990999321630724,1.3234123863000589,0.35921923052100607,81.61836081708242,4.215483382250373,9.641791297371023,3.3707659692596366,1.1535985340360275,86.96725850241056,3.75610051733836,5.989044732477901,2.4367784250729647,0.8508178227002302,92.279915790252,1.7069911857168503,52.33054691629033,9.155751310894114,28.484519455423627,8.580080136811874,1.4491021805797022,46.57424022922986,9.150131603747246,33.7047333348215,8.8487052982487,1.7221895339523792,27.45582391556607,6.895833602385881,56.08631434434324,8.639356826590607,0.9226713111143838,31.935322855498057,8.252338997107243,51.141792244855004,7.696887978081536,0.9736579244577148,88.99854993165846,4.896900331198656,2.620935808333709,2.5031013704649445,0.98051255834435,90.6102926731148,3.2493387872801933,2.5318451928939827,2.6511623287247583,0.9573610179861416,51.263510477231144,13.509445263140087
15,68.82505484861471,11.272454533918841,9.762630553944376,7.1080201836548245,3.0318398798672015,74.05604975580879,9.662509147520987,6.82519289508451,6.384444590871309,3.0718036107138036,68.82646038798809,14.2782079955211,5.4565812461559435,6.725957986768818,4.712792383566104,82.73699553883883,8.226672558710666,3.2960131320575963,3.0920023538316346,2.648316416561173,61.286449235046405,12.369436899545093,6.834828604232238,11.590412486803405,7.918872774372799,55.02115922516275,10.932393920095858,6.041680883575776,15.491040163230467,12.513725807934975,53.22183253470798,17.99784477663221,50.67398798559357,17.530185656068625,18.37525551584264,10.229199909066743,3.1913709334285327,46.606090541898965,12.747051241872187,27.499966451380487,11.200531436429202,1.9463603284195503,46.688960667477204,14.518790172231906,25.25575074439197,11.446499948628738,2.089998467270219,65.53857644234384,13.227562337419672,7.254091514809033,7.937195066892987,6.0425746385344095,66.34538657989276,11.263803811544467,6.485065907412786,8.210901055118407,7.694842646031934,48.07824543222471,13.260588871531382,8.51276859989226,13.656770377691116,16.491626718660775,38.439180952583655,11.77369162901937,55.939155938263035,14.937729709303625,16.833151292940688,9.150494222051297,3.139468837441306,54.02275884967518,13.321003618074675,20.631255441524765,9.14856235341215,2.8764197373129305,64.78597473102646,15.311033839629454,9.379896363761995,7.362386188021626,3.160708877560407,70.60950389547034,10.945948958786119,7.7621374218196,6.823997675237267,3.85841204868689,56.69722999122837,13.945982188970804,18.32611378265685,8.488480373080474,2.5421936640638023,47.267394518753434,13.934720906735894,25.476003594311408,11.189234310133688,2.1326466700655993,70.18006620628083,11.14867335574173,62.581179489913026,5.618581564830893,3.056471586580108,9.98078619991261,18.76298115876365,52.33412491138479,17.037670033650752,12.343127244738145,12.087407985664074,6.197669824562098,83.28614178015216,5.535676188893564,4.07383440079904,4.0468594633107875,3.057488166844281,72.77808434947211,11.546478100678769,7.451936134035531,5.678964941150303,2.5445364746632193,74.58038349702633,9.513313883841452,5.939391961400824,6.546079972427472,3.4208306853037627,72.39563707948624,10.30363899986396,7.5765282012549635,6.715915469837529,3.0082802495573087,69.40461074336042,12.20544530683316,61.31469013452882,15.370704592613244,8.24422810639639,8.934978945430437,6.135398221030903,56.36554514855739,15.44820337509523,8.992823343429587,9.467129250983033,9.726298881935131,57.15253122843316,15.02527678798818,14.71689318715916,8.878092830180512,4.22720596623911,52.73233709329924,14.331694902789664,19.36103051805905,9.59051570290335,3.984421782949065,77.52564162588321,8.218945252823854,6.658949716166804,5.321407806732479,2.2750555983936342,78.59030771423664,8.275331574619232,4.989025371935533,5.595195825704062,2.550139513504877,62.140511317464856,10.939539793169722
16,52.71797309012359,14.526718401922018,10.372445096409807,13.52848437128574,8.854379040258868,42.338968295844225,9.97902318268685,8.924493766666453,23.523103308698172,15.23441144610436,45.90082786653874,19.606346644730515,10.736962188527489,15.714991963847542,8.040871336355739,45.130913713601856,17.04151093758925,10.166937414000008,18.377991952891442,9.282645981917208,33.43717240999465,17.198392797788927,14.951266655859593,22.790890437591433,11.622277698765672,31.006609086638328,18.372586318452306,15.55792231269433,26.273356163035512,8.789526119179662,35.61501753852362,21.27285777677471,42.00033328008658,20.45412040155612,24.26992924015344,10.526231112783536,2.749385965420521,36.24217077170876,17.655583887966742,31.848621272304825,9.978493828910056,4.2751302391090205,36.98210338893092,18.488531108598565,27.80972924584855,12.04620446727164,4.673431789350256,32.41816990351506,12.586002517391725,7.861065954555332,29.993339087395487,17.141422537142276,25.58310007232575,9.764273929621707,8.29486525732205,32.90322114986405,23.45453959086637,44.37302529855947,14.894496334693349,16.970345530591857,15.34913606389173,8.41299677226368,46.070060558870686,17.411539585925368,37.457598672392294,20.044947882195792,31.682203573709067,8.772660756257034,2.042589115445828,40.0045728295909,18.85489878413984,27.73930555534412,11.289069157200911,2.1121536737241198,57.50873613076911,16.414573663111156,11.030308505673618,10.299094409114826,4.747287291330975,33.25263555789502,16.15159050888706,21.107457466952955,19.484722418405347,10.00359404785975,43.273564065860654,19.190261210526828,27.51821696880869,8.327942276564794,1.6900154782390628,35.198451728947745,17.840557948262802,30.600202011225104,11.46377585952607,4.897012452038611,27.831229568454685,14.16003679497314,30.97932711331775,15.896177001854024,11.684257624258056,25.791841738218093,15.648396522352257,35.266892144833754,18.9687223299213,25.369070045174194,14.255863469042499,6.13945201102836,37.31184102508876,19.007643836037182,22.302197050694623,17.316070905880256,4.0622471822990125,17.66911244182139,7.054464271659369,5.8724344947596725,41.409248999651965,27.99473979210741,23.64083026828403,7.325934321841478,6.0777688558534635,36.38353909826376,26.57192745575743,46.023124363719795,12.118442735783672,9.630633177210477,19.40674061395115,12.821059109334776,47.39266639921523,15.871641313970914,47.05369087929881,17.852929984748172,10.291985969243,17.413227255386886,7.3881659113229725,41.51544074976466,17.57611012034878,14.916459346885429,18.7528908184739,7.239098964527007,40.13054598045164,16.811255885991038,31.059438005484733,9.708442101406824,2.2903180266657013,47.78819755596128,16.34846698058833,23.21181256101532,10.583105584571383,2.068417317863893,34.91941367438927,8.2220147754922,9.899221216454825,28.227762930077905,18.73158740358604,75.41388183942519,5.686786924125928,4.042025985395726,8.86549651090229,5.991808740150762,61.96810185806442,7.282525493538302
17,62.62806295744403,18.44016120638586,11.770132660870178,5.756601828336072,1.4050413469640448,68.38839914623311,15.067572247770235,9.440723309094436,5.679031240015461,1.4242740568867172,37.467397873946254,35.4708491229613,20.188473690139045,5.895437108413831,0.9778422045395644,43.71517907379208,28.577340295753878,20.27079309426037,6.439348467874456,0.9973390683190264,20.980111733440747,40.01229504705898,31.02973177575008,7.117723556724894,0.8601378870250885,25.81201453411273,32.05905398181363,33.49679958951858,7.6052972193826385,1.0268346751727009,17.67117474876246,32.52478111875624,20.711121215565754,27.805145305516486,38.20343757849625,11.69754277479733,1.5827531256237266,28.02576080839604,24.944722813930372,32.90481154017855,12.319629488593565,1.8050753489014693,28.78977139883069,23.195285565575773,31.571073624306603,14.394016150192124,2.049853261095108,36.99096628362117,31.94055592099513,21.997466927932148,7.709271949489893,1.3617389179618702,39.513734229365994,28.457790457350225,21.661572850884166,8.855828756571098,1.5110737058286006,21.832167012427934,33.87045729124363,34.95086352758866,8.105606340199179,1.2409058285405827,19.06296411902997,26.282874032006703,23.420243604523872,27.485840980570305,38.68396783630511,9.321326528660325,1.0886210499403952,21.73010984997403,21.996628258470093,42.79155582794536,12.059612827301555,1.4220932363086554,39.389498623467496,26.91497509132812,24.28404377901074,7.922628902340929,1.4888536038533258,29.175296456435,33.280372903880895,30.18265639051484,6.3371458483522645,1.0245284008166529,30.255244434489907,24.719669615721266,35.746612805495204,8.430029116735172,0.8484440275583249,30.164747589938397,24.624676045835933,30.318124411190013,12.885182458144012,2.0072694948916694,25.658749206674017,40.30484975589322,29.65604224993823,31.2782725159056,30.30577401523201,7.5960498719638005,1.1638613469606898,19.98710531625722,31.814763439849052,38.623507195426335,8.570515577269582,1.0041084711977266,17.63496326162186,27.710692548067176,43.359878184038436,10.11651458062625,1.1779514256462742,54.320751092204645,23.03865061966329,15.435375512034136,5.94605728900439,1.2591654870935256,54.809884839734146,21.94891404507077,14.856602917836714,7.007890863909711,1.3767073334485085,61.89853402681798,18.676781993986204,11.847808864134278,6.0430721039726745,1.5338030110890064,52.18202582444027,23.389665833050238,32.229587810179545,30.61278136342206,26.208957994362564,9.33882730587567,1.609845526160368,32.32144592121864,28.637103239483746,26.651531517967854,10.470214829083787,1.9197044922460125,23.135028968047163,25.750072717921626,41.2733237066985,8.818430060303337,1.023144547029394,22.789105588873248,20.442818336992925,46.3083151158821,9.352113713636763,1.1076472446149481,73.36782450767164,10.819982932581189,7.547004623901299,6.599259520738348,1.665928415107178,82.45067807154804,7.329485027312138,4.726337881831408,4.4838728701467065,1.0096261491615854,81.08880751029999,6.683447421214068
18,76.39159900238175,8.560106458590083,5.467360706695938,6.599573596996906,2.9813602353351367,73.18486515936901,9.20848831168399,5.125282221464183,8.238547661377442,4.242816646105481,66.06642478641675,13.936477791853152,9.846714284832514,7.1222035688895415,3.0281795680081007,55.2368738216634,21.957128385476803,12.158510725120996,8.790200339246189,1.8572867284923416,35.350320080851624,26.20125956864323,27.73407484714416,7.948017702978593,2.766327800382723,43.5807119165865,20.963488116273147,21.68192666222705,9.9922784572597,3.781594847653323,33.13430049453342,28.489573780542173,41.99897106157378,22.702938288161672,27.52200434191873,6.376559225578812,1.399527082767139,45.74837094338936,21.417047306572307,26.16044766665768,5.628015692709587,1.0461183906716858,49.10141692102268,19.250427131881143,24.453356206950595,5.8922844149045766,1.3025153252407395,65.25909581794362,15.20858254378333,10.079863323419533,7.334708127947258,2.1177501869060817,61.611695867794026,18.354885088967084,8.460992134770322,8.8534077360305,2.719019172438054,34.28587891739902,29.816219936540016,26.69805854224705,7.91001729181996,1.2898253119944092,46.240684972445685,25.880150933987483,34.33842435747069,27.07841438577707,31.377478450004386,6.317826240083108,0.8878565666648406,43.103103539956884,21.517375758739057,27.61222272534023,6.7458320995855905,1.0214658763783109,62.52328193905049,19.836729105763858,8.589320453485197,7.092763456837067,1.957905044863506,64.2176516902543,12.59081307052855,13.700052679586804,7.624491516096352,1.8669910435338417,41.19503309934514,20.416602016316872,30.344161682712738,7.119195555451842,0.9250076461733671,49.400467169291886,19.379424844345795,24.431759091725134,5.620040950116247,1.1683079445213416,46.28794463517313,21.763816839671655,47.246541564922744,25.57497902846968,15.746709691513367,9.920234083991136,1.5115356311028716,26.30646968445911,31.49622125880108,35.38789700317004,6.020208801306418,0.7892032522634765,43.184359399440034,24.15902056973471,25.034163432903018,6.694631482269133,0.927825115653196,75.69724204741514,9.663702174131759,6.477651285356371,5.752830102415659,2.408574390682076,64.16665416891753,14.494772495155,7.59941654802248,9.385753686362918,4.353403101542215,76.14709069589351,8.82175451695198,5.192655655349773,6.652167025607739,3.1863321061969505,71.19448420170866,13.086860396215815,61.252999163261634,18.444073576587922,11.479247703768001,7.106609489331733,1.7170700670510557,52.69555557112238,25.064902950241052,10.90956780457608,9.410540367093487,1.9194333069672969,37.496806583154296,25.15998224325173,28.573907944659158,7.689677205218,1.0796260237163182,57.17661959763646,16.355653301494463,19.28413803388572,6.3093392405302735,0.8742498264531482,70.17036525955169,10.706102149272608,4.9686963957850345,8.937199610598936,5.217636584791765,83.9405033068788,6.697349013090639,2.6414595617182948,4.328828763489088,2.3918593548231404,70.1647726831403,9.922143835271076
19,98.18740907039083,0.6449457102428202,0.485779915483673,0.4774880374040064,0.2043772664782409,98.22869631688637,0.3925744907350728,0.5152613422015969,0.5664679721257149,0.29699987805064004,99.63149623464692,0.13916536655090864,0.08847878295031357,0.09715329647406903,0.043706319377930895,99.57094647653246,0.16192504654908454,0.09337637669214426,0.117385973715709,0.05636612651042179,99.09603760723364,0.1833702357537388,0.22576059784818506,0.3552245168949708,0.13960704226915344,98.56929800019545,0.26973170274733554,0.25720910424128,0.5602153882859555,0.343545804530283,88.9669331422235,1.980418921210306,97.00409397659305,0.6502428726720247,0.9529953649954571,1.042366791091608,0.3503009946479747,88.03422823693843,1.953079012409592,5.526751307561249,3.3537789522795745,1.132162490810758,93.86305291244145,1.1062971054965869,2.8033979024195617,1.8243925409316968,0.4028595387105023,90.81995890494908,3.49856406670342,2.0316123339989645,2.5268370048879376,1.1230276894604048,91.54307742950459,3.203596030065872,1.796634813746236,2.3993273652663296,1.057364361417051,94.75839115261394,1.1901792783668614,2.1688782906558064,1.3182014033633105,0.5643498749995965,77.55490007672934,3.7609392759287887,82.19223783068068,3.128817369785169,9.13461230711697,4.415903806409178,1.1284286860077408,78.38768743569094,4.919255010774787,8.162768034757569,6.675921915607608,1.8543676031691063,95.77587850462952,1.8860656979819372,0.9700577875313292,0.9800993295248752,0.3878986803322457,90.47625910600858,1.64855723694415,4.576477437507153,2.495250668293292,0.8034555512465491,83.66116920193389,3.859239133474228,7.652311022171589,3.8030738344387713,1.024206807981637,91.50812523413092,1.4482557523787238,4.034705869422286,2.3269985506767417,0.6819145933915544,99.49457999048613,0.11949989221028592,99.20883150858744,0.2120294272445157,0.17492903784094252,0.24750056318343436,0.1567094631434055,87.86567431745821,2.4514963907669047,5.387444472958671,3.3106752294130377,0.9847095894031522,97.73529933542484,0.5082939148417365,0.6387328243292479,0.7511883184204645,0.3664856069836703,97.36854647546551,1.0213722588325087,0.6070744919885592,0.6955935250949454,0.3074132486183249,96.36506997061636,0.9024532353516228,0.8213235495850438,1.2326097394073423,0.6785435050392362,91.76533489729637,1.7817611666285105,2.5999335924745512,2.622932268571334,1.2300380750292363,99.58226751260256,0.1640943263873254,84.72264638924244,5.8299209190504255,3.9029446655183353,3.8074797697697775,1.7370082564190246,81.6672271237793,6.534021948366947,4.296840065414727,5.238843031588439,2.2630678308505736,66.31654933748982,7.4469200229367125,16.85345778292772,7.291377774024402,2.091695082621523,71.36093952017144,6.308205191661467,12.244846125748513,7.702600732462622,2.383408429955728,91.31509951105123,3.6051080483313056,2.2625419628262016,2.0327732326270143,0.7844772451638593,97.27428038708841,1.0700116547311562,0.5595557944645927,0.7229764590786754,0.3731757046374423,47.24490253740428,5.516274006400079
