,D1,D2,D3,D4,D5,D6,D7,D8,D9,D10,D11,D12,D13,D14,D15,D16,D17,D18,D19,D20,D21,D22,D23,D24,D25,D26,D27,D28,D29,D30,D31,D32,D33,D34,D35,T1,T2,T3,T4,T5,T6,T7,T8,T9,T10,T11,T12,T13,T14,T15,T16,T17,T18,T19,T20,T21,T22,T23,T24,T25,T26,T27,T28,T29,T30,T31,T32,T33,T34,T35,A35,A35,A35,A35,A35,A35,A35,A35,A35,A35,A35,A35,A35,A35,A35,A35,A35,A35,A35,A35,A35,A35,A35,A35,A35,A35,A35,A35,A35,A35,A35,A35,A35,A35,A35,B35,B35,B35,B35,B35,B35,B35,B35,B35,B35,B35,B35,B35,B35,B35,B35,B35,B35,B35,B35,B35,B35,B35,B35,B35,B35,B35,B35,B35,B35,B35,B35,B35,B35,B35,G35,G35,G35,G35,G35,G35,G35,G35,G35,G35,G35,G35,G35,G35,G35,G35,G35,G35,G35,G35,G35,G35,G35,G35,G35,G35,G35,G35,G35,G35,G35,G35,G35,G35,G35
0,88.0082894567704,4.14995414120334,5.361349710366443,1.8306462732647732,0.6497604183956825,94.75582092703354,1.7519981708629566,2.3113084189821196,0.8918629577048304,0.2890095254167426,90.28756690569828,3.186123407610733,4.7332737805843825,1.3871369766886061,0.4058989294181234,91.48559354110425,2.6844314097002346,4.295692175136953,1.2166084332490978,0.3176744408093368,58.16580368615614,10.741255064951352,23.55096770105208,5.538493795725975,2.003479752113922,90.93744159489502,1.922705893463939,5.930300620234035,1.0191583583296948,0.19039353307753035,32.013627594111526,11.58827441628292,50.70756550874469,4.884436326066821,0.8060961547940498,28.95125102929531,8.641674959538491,58.122006912188596,3.8402777716041725,0.4447893273731053,26.33192413890828,9.541477773777649,59.09023705505471,4.498068325322093,0.538292706937652,23.051216215929493,10.61205381397003,60.65468564455434,5.00876580344183,0.6732785221042641,87.99455525376962,4.369162081514698,5.069594685838686,1.9507875852075762,0.6159003936689573,85.15352391655772,4.902004994281325,6.507758500961361,2.5955502141722477,0.8411623740275376,49.356780316975275,10.337579838453468,20.188284211182555,11.1850228929161,8.932332740472752,58.46705209883286,10.726596733279582,21.697581021855918,7.237776832676401,1.8709933133553514,27.675174772702626,11.335151456778819,52.99981561306788,6.955645420122365,1.0342127373283263,23.17370311083856,10.887143053940274,57.74344108245022,7.297724709487069,0.8979880432840635,83.52162377406745,7.077745491773346,5.966905765111993,2.6644583436758875,0.7692666253714003,94.82953792789444,0.9779569577960482,3.3712098644751047,0.6558516355006456,0.1654436143338886,26.35180913425806,13.278668312535128,49.664908416994784,9.442440756549056,1.2621733796624088,26.541861307241827,10.44770883899306,57.4587469934008,4.901357192547486,0.6503256678167166,95.99079839859502,1.2375163813615822,1.713864805955003,0.7097001105427411,0.34812030354562035,78.47765735532944,5.830715201306179,11.496398214761163,3.2216164667312723,0.9736127618717233,42.45840584580664,11.716443391383217,37.88159059240654,6.417323510930792,1.5262366594728647,34.16046139229686,10.785037069299012,47.91499628654002,6.221986354660264,0.9175188972039708,95.78761129264815,1.53783263698145,1.8154452305959665,0.6705090573360537,0.18860178243820971,96.13063540127189,1.3271930054293424,1.6744452785452224,0.6588786462044418,0.20884766854924372,89.7466147905107,3.504880296124869,4.7553857846934,1.5250205877532665,0.4680985409179013,88.21265939951249,4.478512842418422,5.147644156590682,1.6968084639952097,0.4643751374832323,56.62567179634236,18.722278798523174,15.22494386487469,7.214341661686639,2.2127638785732016,59.439921134092074,16.166600856440006,14.26807597884571,7.587549150935489,2.5378528796865205,30.672221819728062,14.015510998804606,44.337706765283755,9.225294189746933,1.749266226436589,31.090392646389258,14.52466074015778,42.41279369764726,10.28496976451494,1.687183151291033,97.72339277415341,0.8954991273370008,0.59522019816273,0.5521596851693041,0.23372821517777476,98.33381530241208,0.44889720540145966,0.5788276730869767,0.4251732976546568,0.21328652144459964,74.18644471145758,9.784440998530153,7.785350660191641,5.639332970961484,2.604430658859032
1,67.38088955044346,18.53047736850042,7.182000219598581,5.331231097565895,1.5754017638914672,61.480164423382696,23.836946756343906,8.333397682171142,4.960021107004032,1.3894700310982289,77.55311483672213,13.895307816372979,4.272267260692981,3.3706346067956092,0.9086754794165793,74.38640329653245,16.26041985479576,4.3752207454063825,3.9290217601664748,1.0489343430982807,69.71358058242583,18.82788075276677,7.410370162599751,3.2030271036809763,0.8451413985267183,65.39862547580151,21.748736083752995,6.949723504950914,4.701751524256579,1.2011634112381688,57.939458509666196,21.38033796863086,15.735574471499197,4.0887377041744974,0.8558913460292975,60.62859139810646,17.77417892536886,15.5517280267363,4.839471603109749,1.2060300466788338,54.391214255732066,15.878250448405987,24.199353314863817,4.475972829136632,1.0552091518612263,59.773172042004866,15.199064193947317,17.19994513017181,5.619133597724878,2.2086850361508317,66.59995583410982,19.772716821283062,7.299389829342433,5.058171636745702,1.269765878519216,64.15542184162537,21.99414180756949,6.727908213351255,5.7343090223788264,1.3882191150747782,50.70132020686351,19.9795676866163,23.084192487097063,4.9950616511139865,1.2398579683089581,53.651232747692326,22.267844260108028,17.428004132012457,5.265477719193081,1.3874411409942933,55.77278885760831,20.141988119836014,18.441923612663256,4.677068686997818,0.9662307228947289,62.51096079631645,18.22964455312505,13.070764387525175,5.02600154700074,1.1626287160330036,61.1359165958193,24.566850132894363,8.436234035520588,4.448599979785517,1.412399255980124,69.76791083635698,18.6228865735461,6.80343866881858,3.7779853736492877,1.0277785476290304,65.07451856020421,18.245835080939184,11.160967261876626,4.431020355031435,1.087658741948806,59.704463067844415,16.132512880008186,17.35068427679142,5.098065728770505,1.7142740465853745,65.58684468016486,20.672150702972868,7.4238667975140755,5.031924132468044,1.285213686880021,67.58614742645581,20.536799206899794,5.808814634560007,4.855915781504145,1.212322950580451,55.42347199469473,21.569281636472173,17.735504010311786,4.323419056894121,0.9483233016274678,61.94142142766502,20.71989503367542,10.902703258785499,5.226421547405126,1.2095587324690538,74.30574244718522,15.509054450452037,5.336414031347352,3.8504720626685254,0.998317008346874,76.14968187346281,15.039507245914645,4.396931845759701,3.4387162306853165,0.9751628041774466,66.86591053440225,19.90738227172379,7.147438121947647,4.629461046025807,1.4498080259008541,71.21205396249157,18.535752655047723,5.853245571009455,3.4089287516292153,0.9900190598223826,60.72438154578287,22.749039214986954,9.604274305667163,5.434466909307564,1.4878380242552725,60.218891876148994,23.55208695147439,9.036992011817448,5.550756388837259,1.6412727717215845,56.863116505136205,18.552296434401345,18.888757469697364,4.56069077551944,1.135138815246201,63.060159592189336,18.896202044150844,11.66301844968841,5.037378198992108,1.343241714978966,79.95242731332645,5.718947495301746,3.068225768057882,6.825671494417758,4.4347279288962955,86.6759383961433,3.7671475993288897,2.215652435962876,5.0310333836150205,2.3102281849497315,60.34265009941389,12.422016777732834,13.357049576501408,10.494726101323524,3.383557445028463
2,56.38464699713326,10.150499314647258,15.561583561362054,13.61125755381093,4.292012573046732,58.95998767430648,9.53599942338778,14.734662328954979,13.136718746710294,3.632631826640631,55.39963251975243,11.430703359450336,15.871363179113015,13.688543902203618,3.6097570394805754,59.194305649703615,9.26323524638389,15.236169504202248,13.358383094937427,2.947906504773325,33.04836402574683,12.121798890112316,24.487732334025615,22.57594889458549,7.766155855529281,34.951201092559195,11.678360901411034,30.281639241195236,20.76304309272842,2.325755672105825,21.4219314463153,12.693537694860948,41.911101344712264,22.50328923384145,1.47014028027003,32.33251767866807,7.523557148026782,41.03169069702301,17.74113610642171,1.371098369860307,14.449039025399212,6.064491380247536,63.63982498134113,14.863618873556522,0.983025739455598,13.658817380590053,5.477082784212858,65.33603038538902,14.531969878226947,0.9960995715815121,52.6764551030358,10.803477209842246,18.174799674671284,15.271815605642805,3.0734524068081344,43.13082252683797,11.346149266590523,21.92730469657115,20.070131658172357,3.5255918518281284,22.47853501015225,9.88395980665144,37.153705987023045,25.13401300133749,5.349786194835758,26.26711555422993,9.410820217768912,35.43616006123752,25.48242881394942,3.4034753528142088,16.825322525725568,8.132813254438743,51.51745554536237,21.660478737668708,1.863929936804547,18.750277590121094,6.719407296261201,52.18444045728901,20.55906187501495,1.7868127813138723,63.98020558423889,7.115745797776836,16.642440113473754,10.253575306113055,2.008033198397306,50.429319367824874,9.628562541228886,21.329880412119763,14.763991510141325,3.848246168685343,19.276894251482872,6.192848887233904,54.810313816748526,18.22264668385223,1.4972963606824374,15.427403493031896,6.4077500697080625,61.34503693974107,15.698407099999942,1.121402397519053,39.19956425193512,12.651998501426112,23.242886413332112,20.050499210424697,4.855051622881959,38.76946024963843,10.975693094780453,22.877832853899413,22.001851465477216,5.37516233620455,20.987626751333075,11.139874992410347,39.95783158545129,23.599775711175067,4.314890959630352,22.73965982054245,8.847553853490318,43.60748350832658,22.49872850119374,2.3065743164467767,54.375609165646566,10.565144161230053,16.648097080174406,14.172735037139116,4.238414555810044,59.030947217759845,9.19540756822289,15.519019285204719,13.15917887235878,3.095447056454052,55.06787762332396,10.196311904679243,16.193264280329274,14.259789001057612,4.28275719061025,60.115413789674065,8.954532347473396,15.260204130851571,12.382813626782127,3.2870361052190185,37.67742168203077,9.501534125695898,25.981718693917262,23.963228902410215,2.87609659594611,40.33268989673365,9.71828834969327,24.30071658342305,22.700816179582286,2.9474889905678587,17.609449467438694,6.851283196434483,52.41828652458585,21.132829240119804,1.9881515714212614,23.126307925563154,6.966513923501168,45.674653358742276,21.85654663025238,2.375978161941174,91.59180160909357,2.8026015007688523,1.9149117367535968,2.610632264885126,1.0800528884985823,77.26794889845402,6.503766050838291,7.144758736577525,7.194617252062336,1.8889090620676896,58.8500793485603,8.25314716368973,17.084134587688457,12.332134831252832,3.4805040688086737
3,59.32790901410571,12.17653227843738,16.27699453588739,8.996283397632096,3.222280773937178,63.04263875947756,9.625582550522454,13.663552836020344,9.618633402126589,4.04959245185293,70.75778892182069,8.250748750953605,13.530980551112071,6.135189658062793,1.3252921180510147,74.85571368242725,6.993500524424966,11.267455337931507,5.635543863157341,1.2477865920586935,42.460234024272516,13.459216143941513,31.698783551435778,10.762347067697482,1.6194192126529319,26.309695239846754,7.501297871776556,20.539506975351443,28.049995983981212,17.599503929043777,24.264951310989694,13.447739348274467,46.33582895161677,14.212096842761781,1.7393835463571778,27.441716270032018,12.325904962475667,46.247979751259194,12.144243843361908,1.8401551728711874,18.486243309775464,10.525272661645253,52.0768424298563,16.35108223809858,2.560559360624788,22.345262282057497,12.122966500652625,46.810746160168975,15.574207213373958,3.146817843746848,52.19936777072645,12.768279538752566,22.2412156921798,10.735272929921473,2.055864068419338,55.1419779317712,9.649613470705773,14.176333015118495,13.985137522254856,7.046938060149596,46.6167001426927,12.755688384391942,28.25161776932599,10.785755429545944,1.5902382740437808,48.6038607198772,10.998634412173756,26.39512055219022,11.39537437523866,2.6070099405196845,25.165005725055156,12.797881191702842,45.85559781247404,14.719078749689368,1.4624365210788974,30.747768338726832,11.596849241433697,43.24555138139272,12.890512837052476,1.5193182013943496,49.853541037033295,15.36094985332145,23.089419290401498,9.73710506362759,1.9589847556158069,44.19203853456019,12.895600127953708,29.95506095165659,10.751371174511739,2.20592921131776,27.940214228242173,12.95409767094426,44.4424736363627,13.278647781562233,1.3845666828887009,21.352407108301573,12.830412356505056,46.4015341266486,16.23607386677207,3.1795725417725857,55.47088394608064,11.125701991136266,22.332778749361516,9.51854332083046,1.5520919925908312,56.5637093735326,10.593788727638918,18.98212813688783,10.94529800410722,2.915075757833595,33.31526834455939,14.956467569805854,38.244771193406315,12.188400914879118,1.295091977349541,34.11567661533713,12.478229754445271,35.71911511026212,13.996224196520968,3.690754323434126,58.255355892644026,11.157006688638736,16.578276673407654,10.22878166658234,3.7805790787262246,63.46699413912448,9.40363225237542,14.739559892909023,9.056295769798652,3.3335179457920106,60.25719753042147,10.78528025133057,16.95587370020406,8.808105251326001,3.193543266717939,52.207318843526316,13.199963725029187,21.40409512987692,10.187959072036938,3.000663229530937,45.768548523775024,14.632160850457607,26.57452875090065,11.352285694779313,1.6724761800874368,50.387914451908664,14.335063039324309,20.532767847916322,12.481354392377547,2.262900268473158,34.42049995152725,13.324837444402036,37.923311632611615,12.859939908928226,1.4714110625312495,37.42264126031033,12.48276277123226,35.98574133263825,12.471457917341192,1.6373967184782705,86.06079521735325,4.281828637529338,3.4121921653377343,4.138469589884547,2.106714389894954,92.42869603012348,2.2957852807880728,1.7743150548676028,2.333370296423775,1.167833337797099,73.80799114502811,5.205026866864108,9.753638735418777,7.8048980511378545,3.428445201551553
4,67.12463623585731,14.925388261345685,7.330398067029606,9.016379899821235,1.6031975359462098,72.76281067636714,13.332921796366229,5.71983134647113,7.018965556027325,1.1654706247682054,69.89796850632555,14.254954881949503,6.298238798632504,7.984408943952821,1.5644288691397044,72.44926655897919,13.850488997280285,5.6435123248545205,6.933833189245019,1.1228989296412217,29.67267495338558,19.082456245542776,11.752216122051392,23.41064463081965,16.082008048200283,39.54444947646466,24.675914975251782,13.1529385155124,16.93819551350206,5.688501519269117,35.05482202396663,32.17251776183858,16.649612542727183,14.047542636450025,2.075505035017467,33.608056809537324,29.833362210979963,20.742493940696352,13.967418015264965,1.8486690235214671,32.68561939785885,32.3415377450683,17.04005671241193,14.306220041641671,3.6265661030188836,36.785233095828985,32.03255839807822,17.897168852004366,11.461002053954244,1.8240376001338099,46.13879937512317,22.370881505963116,11.953363764109545,16.803737391880972,2.7332179629231437,56.198016554819056,19.097316937843818,8.923434046459402,13.708503469111024,2.072728991766646,41.26638425755933,24.77790665830192,13.964435290192363,16.79015865499352,3.201115138953061,35.68943077244949,22.73512669462685,19.319427841666062,19.814073000245674,2.4419416910119884,32.27022357100884,32.91184022741411,18.021909304089213,14.472248923368728,2.323777974119085,32.74448874056525,28.247192705643332,22.167192430132104,14.986618192246256,1.8545079314129937,48.539596901604234,20.38294292099426,13.104521534442974,15.732481213204355,2.2404574297540236,56.86803400687197,15.18046641261163,8.036355614613003,14.225015086984255,5.690128878919365,34.51206780668509,31.656800405013207,18.357330953527516,13.492505085702582,1.9812957490719165,33.57441623676927,33.49469332702438,16.889538586876675,13.043620252889282,2.9977315964403153,45.87726508408285,22.152081180117673,10.73911025165546,15.506098739193341,5.7254447449508685,54.97849281245033,21.079031471540503,9.70025694749953,12.42923064176686,1.8129881267429295,33.01466451121197,29.441979966837838,15.403389286344776,16.324187273149988,5.815778962455472,31.046166591270254,28.3916799140888,20.204992968177933,17.587832351548013,2.7693281749146266,56.70130763117659,19.289724999983715,9.860888660769575,12.283746507037328,1.8643322010327354,65.654452844635,15.959942434615993,7.284476072751457,9.620987532799784,1.480141115197711,70.24134548722624,14.023091432390805,6.555801962329422,7.874281024095656,1.30548009395793,58.68986636195227,18.023143560270576,9.737309817970406,11.845023545998593,1.7046567138080428,41.12755493768763,20.818209893230748,14.33523911416592,20.79124591472374,2.9277501401920607,42.63188878133556,23.130111451499566,11.61683279782376,19.834314256821965,2.7868527125193987,31.461195983406014,28.10236921682408,20.149366347179228,17.573453433956384,2.7136150186344277,28.2837770570665,26.10924328263673,24.050789159569565,19.137263896166154,2.4189266045612756,89.90409627922233,4.476536243885217,1.9457415335430186,2.5516078607916644,1.1220180825578958,88.70506457447685,5.497142896011205,2.6059997417129983,2.494918102437026,0.6968746853621642,71.77215108741962,8.16494322824639,7.107249182812328,9.727650990406561,3.22800551111513
5,92.35333319331572,4.106025707732056,1.3105454783659105,1.3162370669686918,0.9138585536176589,92.3235683384984,4.291318418043993,1.3415990506996616,1.2579547059356928,0.7855594868222749,90.26450443735466,3.773143754387425,2.2595623523174853,2.3062233169397133,1.3965661390007353,80.30235369133271,7.5775849802427535,4.3883881342479105,4.4182065107882655,3.313466683388216,64.26750586426112,10.568121341072784,10.094948364158713,9.235413033985749,5.834011396521871,61.73756603887296,12.291675842532758,17.034107631506696,6.707134408685874,2.2295160784016663,44.24616332273047,15.177030325041896,30.76266699489556,8.191897631102469,1.6222417262295181,34.63854821260987,9.61181270643727,45.2867587370739,8.960599676410268,1.502280667468679,36.93493233795281,9.638477179181784,38.93942437344752,10.245677618108314,4.241488491309308,41.950448949227756,9.265788786629916,31.724860983362348,11.066729231289527,5.992172049490767,86.02542995467256,5.093897168517796,3.7853768628122375,3.572064281607084,1.5232317323898406,74.21833428944318,10.566930787997698,6.726445621355684,6.076458710101673,2.4118305911013302,53.37059757627722,10.34504880842744,18.142719047118906,10.517820760770855,7.623813807405242,45.090631468030864,11.004013594959536,30.97168527951697,8.993842045437335,3.9398276120549025,46.237315371635106,11.609378786078233,31.623377051669273,8.591802975572987,1.9381258150442944,45.85427762015318,9.997367867155935,34.22820810272024,8.059134783708243,1.8610116262624206,82.39218951019936,7.952134827620655,4.973806402755328,3.2802763910626593,1.401592868361826,64.93514069343327,7.90799276700527,17.734455257385214,7.021977867437642,2.4004334147384476,55.03311715497454,11.005848590711704,24.263207647341947,7.726052651076911,1.9717739558950533,42.60326831940861,9.894658437291435,29.367631323791993,11.461677189808341,6.672764729699912,60.0275400456953,4.6796729779819675,3.97955052949315,13.473166198263598,17.840070248565805,54.92607434885627,9.716813004391753,12.05681617124749,11.362527491814669,11.93776898368984,53.05417426932083,13.82162848490851,19.653150438450403,9.287200040044166,4.183846767276173,44.13850428640067,11.536122761499538,34.19886354340838,8.160369021793603,1.9661403868979295,93.24195019758098,3.17549486157968,1.4487589932582277,1.4033517194530094,0.730444228128069,92.13753585419586,3.7213560627027604,1.730592307038822,1.677674616841816,0.7328411592202092,91.43009132774527,4.687619732238638,1.4781050398784525,1.4097285360454292,0.9944553640921039,89.67766677672599,5.14158246387256,2.3855427379285135,1.8517623178748874,0.9434457035981783,75.47880952107275,8.523558030646502,7.647205468094547,5.8133751932522095,2.537051786933862,65.65868765661355,13.144320323069133,10.351931231257792,8.0353893211267,2.809671467932624,53.06534493506826,13.447019795685286,22.43101956508611,8.582612633380862,2.4740030707794816,59.24503578027508,10.313551054702792,21.10817561674236,7.237567470486189,2.0956700777933843,95.23828417515647,2.937667185664039,0.6718477072136894,0.7057713230825239,0.44642960888313743,95.41978158997365,3.0879213475568488,0.6683914867032467,0.49824117225533826,0.3256644035108056,66.12792363333554,10.678580164976179,8.868863413269647,11.41801164540986,2.906621143008887
6,88.21199247191291,4.701377352006385,3.4507806356805686,2.6913008176400344,0.9445487227602647,87.75599039357205,5.074899411401497,3.663194806244148,2.652368023028269,0.8535473657543183,78.62996862731667,8.474033613889075,7.161652651705428,4.483666159150887,1.2506789479381621,81.65199427875231,6.64278571620985,6.165630292284456,4.1956939958989965,1.343895716854737,44.50644131068622,18.61054434831574,25.161056048739617,9.71238698230146,2.009571309956831,42.90169681729538,13.830735768257288,25.010351238589042,13.707056934224976,4.550159241633204,30.142348666697437,16.97488031947434,42.13401139895202,9.70073701587824,1.0480225989978973,22.749330670822605,15.81717039275281,48.59259912630876,10.285400771985396,2.5554990381306637,22.6116104519778,10.740362870329454,57.31963935205726,8.483808670828981,0.8445786548066044,18.21708456338436,10.875041379210044,62.38371618798827,7.816317923086845,0.7078399463306709,67.58086086806064,11.446714323182338,11.50265478427931,8.036085030406577,1.4336849940711034,70.40030208108338,11.098957572503718,9.84608159933617,7.057365311543679,1.5972934355332737,45.2360846547022,18.17213096169646,21.280700540716598,13.105632737396864,2.2054511054880597,51.031472275391955,14.296458412449327,16.87697562723689,14.010262840220477,3.7848308447016725,28.732080193437998,15.31031777800414,44.27461520592748,10.640581040511968,1.0424057821184445,21.445101109152017,12.17928654416717,54.62461213785237,10.213010592481831,1.5379896163468585,63.78104082383308,17.49378764676639,11.23222911083836,6.290523996338907,1.202418422223248,24.202895768784245,16.943047070291087,45.832769839487554,11.687037275775367,1.3342500456618036,19.092303663574423,13.70594609357898,59.18193831013115,7.325697804248016,0.6941141284676209,18.436231936541343,10.49737409551596,61.79558473326943,8.465714105662142,0.8050951290115453,63.985131514772384,13.242319571454134,13.366777067746142,7.841805800194976,1.5639660458322429,65.0426977398323,10.194858777088793,12.235268485615693,9.300945802395947,3.22622919506719,35.379214775992004,19.429257834325306,32.87828976556943,10.858294741332122,1.4549428827809106,36.70254619765937,13.492853560617615,31.732909758039508,13.607120698818534,4.464569784865235,80.8834959770848,7.238035062834096,6.266464638065666,4.450321215070166,1.1616831069448796,81.19819946494506,7.5814517176603,6.001559276303159,4.096461406726938,1.1223281343643627,86.89256142864662,5.242962339237638,3.9180957090206947,2.973167102884755,0.9732134202106,76.52427009227036,10.771459758961038,7.0042498715602655,4.629688391838288,1.0703318853701997,56.68185361776946,15.072609878285787,16.056882978358722,10.692681121869713,1.4959724037163658,54.18792030241223,17.12665423535256,15.025919029965044,11.56940598770383,2.09010044456679,36.02899629534032,13.899870519072117,38.56062597552064,10.372303318364306,1.1382038917026316,23.680239174664848,12.564388703712028,50.975346159868366,11.231343133748087,1.5486828280065188,95.28662337462683,2.5357759453774573,0.9046277153989023,0.7490149358469305,0.5239580287503101,95.21199350761194,2.252171565727109,1.0218549738436091,1.0415120301121727,0.4724679227056495,73.25010345809989,6.160285360897184,6.613160391207601,7.9162521185618395,6.060198671233021
7,51.64345038288592,15.224160952434293,8.985120260582603,15.102020327032188,9.045248077064684,50.61223154778317,15.590489978709057,9.094935271936617,15.483306511922118,9.219036689649101,62.362009927277185,12.054851344642046,6.9181209825357195,11.680942537936295,6.984075207608533,54.72518133581678,14.322542516875728,8.030447569827356,14.426654735061446,8.49517384241872,38.63851213291567,18.65094447830468,12.211912993722189,19.09932374391953,11.39930665113776,35.66228969166294,20.500421089315637,12.121876892834589,20.139658132976937,11.575754193209606,29.645078910834822,21.648966317269778,18.535902014080214,19.271295424225592,10.89875733358947,29.461209961314864,22.484761891798666,19.922716087903137,18.148210851841817,9.983101207141189,27.095850221518948,21.725076644590654,21.381586349679644,18.574454146125937,11.223032638084621,27.624537957847238,20.406178312281824,18.448940336116376,20.19135646474149,13.32898692901295,34.915675872208986,16.071765981598123,11.55967477656252,23.140376841777424,14.312506527852765,32.01807600202977,17.461492380041165,12.127924622202093,23.903275262646158,14.489231733080688,32.4301737495759,13.91992296941395,12.772852046127776,25.49249798275019,15.38455325213186,22.014016101288767,15.503735329560092,15.247432434410287,29.360292850067033,17.8745232846737,25.639518082610646,17.852013525789143,18.362412007510983,24.06119559422054,14.084860789868594,25.78490960168189,19.631936144761017,18.464904386427687,22.883643393744684,13.234606473384444,27.48504509505379,16.975140015345687,12.958697171038194,26.218096065772368,16.36302165279007,28.185258640209042,18.92036061131219,13.570483452621485,24.246436949127688,15.077460346729687,22.643094989217804,16.290854928636985,16.236923669454477,27.884186628591788,16.944939784098885,26.464174800149664,21.435109195834652,19.28104630284439,20.07158532589278,12.748084375278475,41.89630811331434,15.85823206170755,10.505162527337234,19.760208341698505,11.98008895594269,35.63374779757304,17.277078493764417,11.208865994226546,22.34837799933128,13.531929715104907,29.957143147607475,18.205570408684522,15.444726385814283,22.900121026131956,13.492439031761785,27.079972235799595,20.637704397984326,15.59996965674088,23.23427694905932,13.448076760415962,40.64008093975046,17.077102862536147,10.969033131666567,19.406061400330167,11.90772166571692,43.1290932834845,16.66071124745477,10.333463656332365,18.586260598882102,11.290471213846113,50.63843996865499,15.563807825271885,9.15539243214956,15.321051649177805,9.321308124745956,44.60601126242352,15.574949746455996,9.80091448862756,18.610871841381595,11.407252661111187,21.926100673055853,13.82498496758983,13.310256382714666,31.078402112517118,19.860255864122216,20.54012723848889,14.136492922514085,13.376846257282965,31.71716874881083,20.229364832903567,18.73983692913392,13.935773067775461,15.688434412877255,31.817184118503544,19.818771471709773,18.38929888151896,14.71574736614639,15.896832889272705,31.472501267732945,19.525619595329342,25.091240702119364,9.64961488139132,10.716638001972235,31.473042290823443,23.069464123693407,89.40421158871835,4.656574924707784,2.2094357026171405,2.638003716652245,1.0917740673041,72.89667936960507,11.3739350272434,6.727448938368397,6.520724302851491,2.4812123619318274
8,69.41577417078463,9.25216868967012,13.614343004319093,6.408646797592797,1.3090673376338184,69.46734218359765,9.32552078997437,13.933900965497836,6.079901440303055,1.1933346206273006,68.09617221623311,9.81899860763301,16.126839349935175,5.083379305722085,0.8746105204765511,76.92280203923517,7.134674813565459,10.381997353560129,4.897499592975887,0.6630262006633639,45.65679172854346,13.780576592459312,32.315287264280684,7.377224516360944,0.8701198983556525,51.206151138601626,10.871383071598952,30.101998206798058,7.095809136209209,0.7246584467920559,33.878736351031705,11.214562718477566,46.21048974980224,7.5814821567888355,1.114729023899386,30.858435348362455,8.603850554566382,55.13204341816138,4.878010887960796,0.5276597909492675,24.175968737659186,8.00618414840262,61.55815252207425,5.747080429220955,0.5126141626427283,24.660786062451276,8.139694612912784,61.002736010722494,5.4428428685643,0.7539404453495749,53.032330506170055,13.802815727223969,22.043016381018628,9.681662118986749,1.4401752666008047,55.951856618877414,12.785500447295291,19.648500633338863,10.215323697742935,1.3988186027455298,46.861058830697516,14.491230081379806,27.108883057585338,10.105887235457585,1.4329407948797004,45.71654684906894,12.720428561085981,29.134408620577357,10.895712078469787,1.5329038907982402,37.278958605749494,12.414904817702979,39.26396413735937,10.116920205226739,0.925252233961687,30.46717443966076,11.319958125344773,48.78361461704698,8.584953650708659,0.8442991672390617,60.19926922177608,12.565710228055806,18.73491347449279,7.2873545623681855,1.2127525133070316,55.42603587852815,9.233499748380419,28.24317273885425,6.2521411775549165,0.8451504566820466,35.243853632546475,12.13611531761359,41.33633145556102,10.306160642133236,0.9775389521459841,26.61255071739912,8.241718560295205,58.53911914403351,5.982036962091802,0.624574616180219,56.429440052256666,12.978478221807421,21.902977259168473,7.512021220074894,1.1770832466924201,62.66070262575673,10.339629908360266,17.4296436830169,8.49108289355382,1.078940889312575,44.49011996066602,12.563378872183332,33.53088638265266,8.449402577773643,0.9662122067244545,37.02601418215462,11.820705716078566,42.00896310112074,8.315950329121783,0.8283666715243279,58.99647210145393,12.005652329560778,19.621670280814012,7.9808963498303,1.3953089383411637,79.95558000791522,5.9957298335350036,9.034446237359452,4.2971374602262085,0.7171064609638488,63.82083914526091,11.23256143395395,16.401220832563858,7.097839268186877,1.4475393200346152,50.8374661479173,14.257779511383347,24.172836115499663,9.342630799181636,1.3892874260182182,61.302019155574605,11.185748532404688,17.507984723564395,8.577910654592815,1.426336933863658,61.37422092833178,11.014090046824151,16.14901239997325,10.009863637381939,1.4528129874886992,41.13482528681443,13.8907459305201,32.30794182071447,11.329527572378394,1.3369593895726921,39.306438761379816,12.522530893862902,36.45769003201432,10.440112714314926,1.2732275984277825,91.11535398161523,2.8568074159284196,3.5983826356528734,1.583328098768957,0.8461278680340826,93.53058681227276,2.3132253817377224,2.195189556712827,1.4291873586106398,0.5318108906659237,71.73187683546736,6.734641647801586,13.232250903819967,6.695276274273743,1.6059543386372288
9,92.89336008082088,3.1018451151540183,1.5738807230714986,1.7938965175455686,0.6370175634080188,91.20754371164666,4.069040562263247,2.0373028277822147,1.987126971927979,0.6989859263800041,83.61659216615178,6.560549403034497,4.180851723406795,4.6846786923321595,0.9573280150745908,84.68230809278936,6.734538627210076,3.36636755516587,3.7900510734714112,1.4267346513634598,77.59042786917621,10.119906177217763,5.964874345247165,5.308481177779427,1.016310430579549,80.40781523949579,8.620572811808053,5.451296459154062,4.311541270656435,1.208774218885567,75.15028035067883,11.2085216311819,7.541884555667698,4.930314642870803,1.1689988196007655,82.54794969413129,6.655511016897164,4.572572758848471,4.330704001475098,1.893262528647961,73.67323311703132,11.531066618656897,6.751211941397679,5.871694612452932,2.1727937104610033,81.64350587414965,7.100973558710029,3.9560727593126024,5.056864789818515,2.2425830180095847,82.30165049639226,7.605753761142359,4.098644065958482,4.43440162613922,1.559550050367415,88.30067972346419,4.766716035264375,2.4549424570902736,3.09698077091685,1.3806810132643095,77.09531305420691,10.642306675975648,5.556797148930716,5.253699285375289,1.45188383551151,71.05018343966373,12.022889740160819,6.563918237723056,7.600159177681068,2.762849404771146,74.45903798188742,11.88335866555111,7.516530273377872,4.829880837231171,1.3111922419524418,69.843315921617,12.702194566506305,8.934078962293682,6.451540976223262,2.0688695733597573,80.23391753734836,8.546514809893667,4.434334826630309,4.907306329760638,1.877926496366722,82.9752438957996,5.9138174226250975,4.001795229036555,5.02700436499398,2.0821390875448897,75.92645049794659,9.410568775398982,5.0772531388165545,6.807267067776629,2.7784605200612926,85.33586752160345,5.757582116222137,3.1475163289750094,4.060760729044308,1.6982733041556193,80.20002408539868,8.328511062369401,4.352589583384052,5.0590419612265505,2.059833307621338,85.88686112983534,5.854762376959802,3.114376392202138,3.6602834814013745,1.4837166196013238,77.31511612694202,9.809212789938382,5.2451208864397385,5.6184297569618655,2.012120439718581,81.73469011822442,7.2431722314446025,4.303195869456083,4.736836652490082,1.9821051283854776,81.78681062676742,6.92978149860872,4.551500660004245,5.612332789852916,1.119574424766528,87.9936274455142,4.710855382917104,2.849000039323604,3.283929753742834,1.1625873785023937,89.1963911061082,5.006116952040512,2.5167126843396583,2.5153589953819284,0.7654202621297719,90.01271412965048,5.503930653573081,2.15881767439031,1.902775160409622,0.4217623819763647,76.84594797118132,9.353668431088598,5.40462756049949,6.044544823434305,2.3512112137962435,77.59912184048922,7.143979972298382,4.522412572985508,7.128657165710884,3.605828448515792,69.17939295189946,13.196469487570656,7.169765789931208,7.719296384328005,2.735075386270575,64.57205497082748,12.668558038801446,8.753405373334749,9.967120080053535,4.038861536982763,86.82139358181618,5.115776629532396,2.7561853620179666,3.6957553472072897,1.6108890794261026,92.84531712184028,2.268151346885694,1.9294737425122654,2.229667984512784,0.7273898042488374,79.80501883186595,6.329913734785514,4.951815222244591,7.264909051913317,1.6483431591906512
10,50.76901397032875,12.107877737433858,26.711073124846397,8.031552614721566,2.380482552669029,54.241432075939024,12.25849674817138,23.941318383832115,7.4321156124669425,2.1266371795908183,50.67455518102996,11.203021830689378,29.48616005917581,6.793175257698529,1.843087671406237,56.13971371557539,11.907495824507915,23.71722700450035,6.512237639204748,1.7233258162117298,39.07876906717943,11.022836950608514,43.0758998930613,5.918981441145159,0.9035126480058081,32.719620775012146,12.879106030449512,42.29170784749668,9.060969394969558,3.0485959520722994,19.590547657824906,7.727907832086829,66.98039666432226,5.073577949046608,0.6275698967194545,15.866025187767555,8.010516581782516,69.42558266429194,6.118903981633791,0.5789715845241786,13.342208888953873,5.6091283557857485,72.94481234530328,6.828496356392012,1.275354053565295,14.360267916287778,5.852234854355602,72.23697883708851,6.689473707296997,0.8610446849708375,50.42329618321223,11.990842978954158,26.340685726661928,9.499207119931057,1.7459679912403554,53.301871436331325,12.22719882620294,22.41956866852801,9.967507962866181,2.083853106071561,28.915609914693547,9.561707331543634,42.695064390460885,17.222428279472688,1.605190083829256,34.85020751516946,11.442301541886048,35.74493651881733,15.908536034250448,2.0540183898764686,22.785643167512447,7.347765941739967,59.035575028745534,9.761104281662433,1.0699115803396637,18.514865314787162,7.208524614726314,63.54033098760583,9.830677032907117,0.9056020499732226,55.78864116252935,12.000471897085003,22.27053795082904,8.425754702282784,1.5145942872737606,46.57717171232152,9.957251474638356,33.80198273045348,8.169351905385389,1.4942421772015557,25.246100036069656,7.053232370756588,55.964134607120286,10.693776107491148,1.0427568785620922,15.149456923022425,6.071445093731887,70.27295131461528,7.319473402628976,1.1866732660016313,41.776413184338715,12.845143596928004,35.20986352786237,8.556484372936591,1.6120953179338506,46.00514730498351,13.29286757072147,29.44978433250799,9.110954748675068,2.1412460431119946,27.099871189224235,9.44881665110118,53.77923305344067,8.654418096619377,1.017661009614761,25.564873489080487,10.70809158098805,52.243585265751,10.372188694016202,1.1112609701644176,48.46224062924572,12.899157958285338,27.78901287927522,8.847979854889761,2.001608678303856,55.84111760253746,11.95959419733934,23.21861464766979,7.201619423999986,1.7790541284535217,53.60093614541802,12.217558745637291,24.583513809791384,7.459786813368129,2.138204485785466,52.74064348376422,13.661289604499348,24.248522782949784,7.8220236859117716,1.527520442875116,49.24811813251384,11.56973693512527,26.98662093413253,10.553044461902212,1.6424795363260636,50.86111737877149,10.300431999655737,25.81655581203231,11.054787628058536,1.9671071814823082,31.115671934383727,8.196108490900448,45.514734137377424,13.829146757601968,1.3443386797366057,38.37442154220159,9.023330045621545,38.57583468862731,12.63886388302681,1.387549840523074,87.94983250758195,3.4267620447596014,6.018162837479242,2.002308796446396,0.6029338137327628,85.12996529823114,4.778805610599103,6.9749047334509315,2.3594913039881815,0.7568330537308889,63.95710099098909,8.775261503348966,15.689206183983885,9.426335939055331,2.152095382622737
11,88.48897013343998,6.211188529203049,2.752114166955681,2.1159633279097374,0.4317638424916152,88.33572430145288,6.272217640063059,2.8364010974812057,2.0895127175922275,0.4661442434111594,67.94048513959564,17.344643818279128,8.022622750620506,5.658653824721812,1.0335944667832804,71.1285027837711,15.878474495310698,7.0898953130941935,4.8306590481349305,1.072468359688674,50.70783907724501,25.11841054787877,13.513825251152145,8.664403386648061,1.9955217370756968,49.98281773561403,25.34051635577525,13.280689947343419,8.89786408958814,2.498111871679183,43.83339712440294,23.491436597801947,23.310349512293037,8.082716926270264,1.282099839232117,40.517441144256956,25.369839783041968,23.318473379784717,9.376059187361783,1.4181865055543597,36.4278962399851,19.737538473909495,35.77374260017257,7.003855535294153,1.056967150638691,40.22145944759355,18.830575553607492,32.974125282470666,6.783044724515586,1.1907949918125154,68.1347542521417,16.08334751311354,8.270981545789494,6.347253705607284,1.1636629833481387,70.36959083993067,14.457620054172454,7.524467019866124,6.315608664193387,1.332713421837626,49.22764869121248,22.704247455344586,13.641206137403024,12.160001439909546,2.26689627613043,42.319824335269665,23.88319906867751,15.036228903475616,15.880673610058304,2.8800740825187274,46.41210982696154,21.971746665943627,20.144321651559157,9.906385796874934,1.5654360586608684,41.52405063357791,24.319498776739888,20.3293370410748,12.062369966715055,1.7647435818920723,72.48030539425939,14.692505747878714,6.646871175100026,5.140423245965504,1.039894436796213,50.579959769325015,14.909234750610192,27.464929863611598,5.9688980660182445,1.076977550434595,42.72117218876269,21.566307997699152,23.614396488420613,10.428446834252519,1.6696764908653134,37.47746637276808,19.32185133042032,35.40480114905849,6.658707955670392,1.1371731920827628,57.78107350360866,21.131600707392906,10.679259189712914,8.347746444852767,2.060320154432765,54.526091379816144,22.047644357094324,11.233921915934143,9.604568171451556,2.587774175704017,48.46107284702006,25.20247119463399,15.529408061574404,9.27269521935127,1.5343526774202536,47.72750806484755,23.867057212694924,15.083379969022042,10.917530421475298,2.4045243319602743,81.50673709535741,9.583876603665352,4.702125848127739,3.5184776156847675,0.688782837164438,79.74807157904115,9.734656601243676,4.854421215725744,4.402280580428914,1.2605700235607915,86.85591765494809,7.233895069161296,3.1201106702693773,2.3178131751294107,0.4722634304920959,77.33182440760214,12.001435086052789,5.7087145723566675,4.196608291174443,0.7614176428139143,55.51613008259242,23.28178223097269,10.383793461846617,9.119132548625593,1.6991616759629573,62.48434325720681,19.097237041430095,8.48203790372394,8.17075239344435,1.7656294041950467,41.748440199771935,25.2783484845099,17.75850408197497,13.077438066473842,2.137269167269248,43.94548526102594,23.597958156115077,17.072243264803692,13.353546352579176,2.0307669654759524,96.49108337534895,1.7327692062001072,0.6113403709297885,0.7952444830400859,0.36956256448115,96.76014134609824,1.5157502897287047,0.6153623392891171,0.6698957652184591,0.43885025966558733,67.01768356278427,9.4725471787507,8.0809386303227,10.601045000322536,4.8277856278199645
12,56.20342026877309,7.21806862595684,14.287271949636713,18.160864531583904,4.130374624049718,62.87558735977369,5.95485538369884,12.547846952097293,15.47404723144734,3.1476630729826436,71.31980130290533,5.615213711835054,9.347760418479485,11.69098070700463,2.0262438597757098,66.88855683899904,5.380580722236095,11.120749826492633,14.284980711005147,2.325131901266961,51.32049185385501,8.608562540701488,22.278424843984613,15.543166442846973,2.2493543186113576,30.73424836031562,11.31270215209914,32.5492192443481,22.01308806919922,3.3907421740378827,17.431508850703835,8.042695687572786,55.973236678119996,16.45952943321542,2.0930293503880373,13.742792703714374,9.806335556096158,55.16375827544654,18.85819427262229,2.428919192120785,11.454886192198648,7.055880345722673,59.603719900181474,17.584030149815813,4.301483412081115,12.78527461426176,9.116007753194417,53.37886795578828,20.77699545656308,3.942854220192034,43.90337646892185,7.264353275858319,15.784145291488866,28.109232055018236,4.938892908712865,45.12948685064383,6.6812304532025815,17.679849152360166,26.289884829077987,4.219548714715173,46.02944119178112,8.527160889955478,20.537248483483705,21.24028826496432,3.665861169815215,35.9510022046224,8.1025400835604,25.80782929115416,25.515340570533436,4.623287850129574,17.625425657649902,8.812336419999285,52.79152421466645,18.050046036657353,2.7206676710270155,15.605304320571628,9.810865189184687,48.963359647698006,22.435117312307845,3.185353530237861,33.29643779303891,7.958156397348476,24.737219468488323,28.763509680476623,5.244676660647552,58.40041888556894,5.992742538384134,14.140378824051378,17.862813641937283,3.603646110058422,22.811533836499635,9.176420807953855,42.25087214250307,22.480549534539417,3.280623678503838,21.04612897741562,8.883960684925636,44.59313098555053,20.570806272616398,4.905973079491839,53.26340929654707,7.6701948254992836,15.571754682953209,20.090104255194532,3.4045369398062193,47.8089420415879,7.069233004530427,18.720338088444304,22.746667438011883,3.654819427425468,32.92220020799675,9.256667752829358,36.641196096470345,18.592973374477292,2.586962568226348,21.292536810916904,10.704810186293088,41.63075259911555,23.00889195531277,3.3630084483617617,55.62916512142407,7.202749995790099,13.693496138188118,19.632591499653053,3.8419972449447317,54.73291072315687,5.950246183213304,15.490882165909317,20.361990384012824,3.4639705437076276,53.334540896952056,7.445692351277369,16.462663020795624,18.653555177747748,4.103548553227258,39.44278451634601,7.581278944274546,22.329788583730405,25.63383181316985,5.012316142479268,51.551208857148566,7.088986817879543,14.213310119341427,22.937015733907153,4.209478471723207,36.071352100498146,7.394272399261589,21.884665254067347,29.73131492243714,4.918395323735752,30.168745728952416,9.120607961456836,37.767405913283355,19.740655116728746,3.202585279578559,21.948225977522455,10.051736747296268,36.74652552314265,27.009040598263024,4.244471153775499,96.11874644797558,1.2452373635124934,0.907884241042853,1.476810911258471,0.25132103621113777,89.68659776042387,3.07149237509699,2.6021379762069228,4.076168182072222,0.5636037062000469,74.2981855380867,4.3416593991000365,10.050863580900815,8.82196580736301,2.4873256745496506
13,31.14458846547881,42.73391733961681,20.139004437418905,5.124330174289117,0.8581595831969243,37.24476886607072,39.39050850570697,17.905097140017627,4.654378745776972,0.8052467424275985,27.214480848014222,44.68588133946682,20.28005183342713,6.835344229195172,0.9842417498965231,39.963915146506466,38.00566704112677,15.980766643107886,5.260722787099548,0.7889283821591175,22.356040578063926,47.41329810480692,20.79354312279818,8.469590465489485,0.9675277288412674,26.634415340468014,46.98961222338829,18.27684170824111,7.243631448666258,0.855499279236368,16.261456609245602,38.392567855792606,36.519878108110824,8.12788917103276,0.6982082558181881,20.572542749895426,42.20766322785859,29.95946976870253,6.603531812169554,0.6567924413739384,14.712104163919845,38.077872712708945,36.87646055453698,9.20236851221689,1.1311940566175902,15.015685722789252,36.89331729808056,38.40306737516159,8.486746866428188,1.201182737540558,23.356225472358677,45.065220295642774,22.491965901769543,7.793133142260815,1.2934551879682423,27.783652521713332,43.33370777988445,20.47133401641072,7.104616619077618,1.30668906291416,16.91641919720626,41.36746534693795,28.721912454531974,11.549035474729578,1.4451675265940507,23.11177488480019,45.21555129429895,19.87760258813124,10.007296067031266,1.7877751657380827,15.379416910075008,35.8259073569183,40.45595318019681,7.649399017507447,0.6893235353021785,16.166794091972992,36.94501408755593,38.44869470939054,7.565689653262428,0.8738074578178595,22.667058045208783,46.65052507413522,23.814177883899937,5.759149869293178,1.1090891274632548,25.4411383953251,38.8664282939491,25.68261026750051,8.989597081009089,1.0202259622160768,17.970660525112148,37.71892985998568,36.81647807798253,6.8174685806490904,0.6764629562703562,14.970679477055246,41.55232915384271,33.229078542617536,9.024422139437995,1.2234906870469362,24.050303734857255,45.679446576421476,20.958693425779003,8.048947060743505,1.2626092021987962,28.275767332484982,45.379836347332805,17.921739811642478,7.360283766688676,1.0623727418510152,16.635968472980288,41.50292244769327,32.11760311699674,8.848649734424772,0.8948562279048957,22.802835700153672,44.52617027086824,23.68157205857478,7.9428812223311756,1.0465407480719264,25.571803717624057,44.736585938109265,22.496561930537172,6.128060233969162,1.0669881797601355,31.458238031071268,41.58695057092567,20.244282692279096,5.632650137096765,1.077878568626852,30.68153568009089,43.45055540328066,20.265696014522465,4.799682824769367,0.8025300773364401,24.626013878029454,46.47594767922118,22.74446430814745,5.200858927471456,0.952715207130248,22.442496352703543,43.214312755036325,24.18535475120504,8.702666426818926,1.455169714236157,25.015560991286705,42.31327339941564,22.743319321158907,8.187039521072524,1.7408067670663947,16.648926136550983,37.38398987640922,38.33536181664676,7.067585522376825,0.5641366480163039,17.46317257538271,33.79947981172949,40.69790693628407,7.072363465146957,0.9670772114563331,87.19023329925237,7.729604158828551,2.9566113388936635,1.7732650765902198,0.35028612643501655,81.6845765530632,11.421815873141593,4.105309198233539,2.3622012494446225,0.42609712611701406,52.02945234631746,20.146321977926643,13.20115110724206,11.168275360409934,3.4547992081038386
14,63.54244100592964,9.58426060428084,17.506335730203418,7.693104046885521,1.6738586127003603,68.25779902374211,8.645815768279245,15.417476924258267,6.279408233190228,1.399500050530333,62.47542200098473,10.065983319599837,19.007773703872324,7.213687696790026,1.237133278753315,65.91394889387027,9.733351763284356,16.879720076065762,6.344266192362277,1.1287130744170644,34.919829071664154,13.23803807441985,40.70983763668903,9.836198137855883,1.2960970793711706,44.42461961557076,13.06273041904662,31.509752875191776,9.499832124059065,1.5030649661320463,20.795304886025857,10.263722473486464,59.44477357585464,8.404340185643138,1.09185887899039,23.960241823735192,8.649138868711297,58.83389261866571,7.6155569985720195,0.9411696903155865,15.064874833039548,7.425487819717695,68.30988125932276,8.013726552492692,1.1860295354271106,14.378433174542396,6.272376998523992,71.7479099483133,6.900472556480394,0.7008073221398453,47.01843570177527,11.623421629518766,28.503131167225348,11.045262237482563,1.809749263998258,46.348432899114286,14.372760670187706,26.69963316880171,10.598789744143652,1.9803835177528675,27.61864406395383,10.225461913450081,49.19365560307906,11.335408743175355,1.6268296763418146,33.89024090025388,13.916945502048094,37.63561387268901,12.312448265542576,2.2447514594664018,18.66051579483701,8.93185756760066,61.841437286809686,9.414255552944134,1.1519337978084145,19.425208760145722,8.040283946977945,63.46761093588103,8.115747306142683,0.9511490508527745,44.21884173897355,11.979214513988582,31.751097314086834,10.26332308170253,1.7875233512483986,32.47129163581242,9.194729207512783,48.997768224617346,8.187945201072802,1.1482657309846922,19.50848718905821,7.915643292448311,63.11468832579199,8.47563739889666,0.9855437938052183,15.28486393132645,6.802437779423226,69.3636553016182,7.653507235540831,0.8955357520918407,46.76634091228177,11.956991587029247,30.14852011657941,9.63717291723881,1.4909744668710294,52.196568210793416,13.417779133506,23.576036716184962,9.259222295602461,1.550393643913568,25.4651740925837,10.908632552687084,52.57437683043252,9.86167824609842,1.1901382781977043,29.499917428517335,11.214186504537256,48.07437947394438,9.842196717029385,1.369319875971734,60.04310034832717,10.355843089390005,20.20708788642248,7.876676846707227,1.5172918291526944,66.75677447161135,9.031914629785161,16.4140187605816,6.4169887956706555,1.3803033423514581,65.76448033694726,9.398766136185422,16.879034786758503,6.604106437008797,1.3536123031002856,66.1747537847175,8.67375616372525,17.110240623069647,6.771399940185008,1.2698494883025162,45.35022052269731,11.349740635922156,29.765890279601898,11.514774585411027,2.0193739763674894,41.92515619543596,14.409896338950864,29.960375396894616,11.378139605658292,2.326432463060342,19.5547881990731,8.60374146684795,60.38473554599707,10.213399426806824,1.2433353612753106,23.40777345112669,9.383319551736117,56.197658063013336,9.722425458907754,1.2888234752163912,92.29125474842876,3.4689132377407317,1.9408045532387446,1.621928359796674,0.6770991007951224,89.16551332260835,4.684566767942734,3.2743680608714687,2.2862442961489267,0.5893075524282645,76.17256178388718,10.621288323202958,5.598506676641819,5.577327583969429,2.0303156322987697
15,71.85068802123432,15.77853744972408,4.879801365811294,5.05235843849146,2.4386147247387058,65.78018436963956,18.201656512307768,5.939710017755571,7.065190166003429,3.013258934294195,67.16422554108254,18.341242818119273,5.408153451692275,6.165706945353995,2.9206712437520923,65.11132275395126,20.62369294449368,5.353664322751914,6.3528075119733876,2.558512466829626,56.68096166256525,28.3175469771439,6.132949693204384,6.496842695843062,2.371698971243319,55.96509099329611,28.49791634313344,6.383467838798401,6.857401324902879,2.296123499869366,52.87196988383014,32.10134924236836,6.590175562768224,6.398532674483611,2.0379726365500006,53.64739183400747,31.225520695650662,7.161853150439644,6.100589758363871,1.864644561538616,49.88207715219919,33.736353968093255,8.227422489242581,6.115650000624983,2.038496389839868,51.73889699369706,32.39181484361139,8.194302867265089,5.870866732764578,1.804118562662003,63.724427472018206,20.94816003032851,5.566232837664915,6.377718454123816,3.383461205864598,64.80592304545956,18.25815729021317,5.666746642205895,7.487754960092039,3.781418062029631,55.482833653712504,25.458219366538703,6.559741457067444,8.689359551847422,3.809845970833951,51.24662820001409,25.677900075371284,8.829131849740497,10.343303260623623,3.903036614250714,49.395442741622084,32.10161112712912,7.788684673569413,7.982058196284106,2.732203261395428,50.9948479909154,29.114329937643145,9.01431848670887,8.233112528712333,2.6433910560202967,62.37010729138001,23.28047400711161,4.9180348106424425,6.119752676588385,3.3116312142776936,62.053926984310394,23.40615281631393,5.44523226610304,7.0691207924448065,2.0255671408278024,56.904326411945505,25.297803096353437,7.54430425778833,7.807801496091142,2.445764737821552,49.64268105222932,33.794673211013965,8.358127239281965,6.229405139547207,1.9751133579273359,61.65635924683591,23.679102105934387,4.769899562770563,6.55478932608669,3.339849758372096,61.156971016975056,23.425865746413944,5.341282183467201,6.910882450040969,3.1649986031026534,50.67181603909469,32.51755374636103,6.647771745242196,7.581014861275887,2.581843608026181,57.646464349546235,25.58232716072382,7.3156220976275055,7.193225976942339,2.262360415159979,69.33777370811468,14.706550086248127,5.839874731796348,6.875435612102551,3.2403658617383186,65.77969688996684,16.108684157066623,6.28585152054843,8.30509637662606,3.520671055791613,73.34308630258884,15.248273217105146,4.5245330969602895,4.7462091025695825,2.137898280776097,67.34970557417506,17.113939119897303,5.720262857606995,6.648742242491027,3.1673502058298046,59.62569737167228,23.841054626288262,5.18149256332165,7.278940804668234,4.072814634049595,57.90368118633295,24.0314277564638,5.598158870568088,7.943722796806208,4.523009389829124,51.47245292159539,27.794040087734288,8.117936150426177,9.438345992127438,3.17722484811668,53.12238674180564,22.595762265518815,9.521369859234081,10.995114574814174,3.7653665586274885,79.06504832155916,8.925052570716364,4.279732341285467,5.621325589588501,2.108841176850736,83.03435168876901,6.935589381330609,3.4427028673743636,4.8575968330111685,1.7297592295148352,66.99258959725489,11.498797382079093,7.202817738531175,10.891549975255327,3.414245306879503
16,79.60208659139528,10.240806742193916,4.094455253351341,4.786366371050897,1.276285042008252,81.06938765088012,9.33445137620542,4.038683729204346,4.374304831523726,1.1831724121863527,76.1352732367934,11.430947829806398,5.015310043746501,5.809754629817242,1.6087142598363604,70.31614144737604,11.676421568991127,5.249909916209897,8.268687959383774,4.488839108039401,59.09087266077579,18.006841402741603,9.590749690233597,9.650888256205384,3.6606479900434494,61.04020265747469,17.440444451676512,10.296909686345776,9.086366768241838,2.136076436261003,57.34935125746671,18.229383589942135,13.684843279844083,8.719861994726694,2.0165598780201743,58.967564917325475,16.768177038851537,13.620981480449796,8.7841361248857,1.8591404384874028,53.83887319837935,15.8623052415845,16.573341322664444,9.724181041803794,4.001299195567483,57.29938122583975,16.418839522154762,13.086370791928784,9.745571899229112,3.4498365608475177,59.678056693918826,19.45770856477078,8.067825405218805,10.34170580418008,2.4547035319114663,64.74896461599596,14.572567046566991,7.531732948473077,10.141278874908531,3.005456514055151,56.403058318660406,15.759345663975582,10.248044030902454,11.823686422986372,5.765865563475641,49.72841143660997,15.230535240027287,15.937852589919538,14.830021437011162,4.273179296431869,53.074886147446975,19.026292396606326,16.555721044257137,9.479587891510084,1.863512520179582,53.721223248534265,17.705726016498875,14.905772241885181,11.576869954345565,2.0904085387361215,66.77197320729107,15.293848945949456,7.638739864961845,8.30306335430767,1.992374627489905,61.26418965534928,17.049711691931176,11.130954933249702,8.6883254578872,1.866818261582878,56.161796145694446,17.362819093175595,14.455659412169075,9.981444425993812,2.038280922966877,56.782870524945025,15.640717989871641,13.447760337312209,9.87571228079926,4.252938867072087,59.67972569254516,16.408236925847827,7.288611039205099,10.913189218257035,5.710237124144888,56.23844968035735,15.328888920016153,8.528053354394848,13.365486782297994,6.539121262933302,55.0103935092247,19.326044736116394,14.05770014758532,9.546842990392108,2.0590186166818123,53.453925095047616,16.56084470297754,14.236362122909513,12.676643688484845,3.0722243905800894,68.94616661747347,14.875037241739916,6.827065139887336,7.411562039371483,1.9401689615273852,73.40820575531323,11.965305774894935,5.773726121210615,6.891939385290523,1.9608229632906,78.85076503487115,10.575692007880871,4.554571339547844,4.826185217437474,1.1927864002625699,69.80066919334303,14.323237777193926,6.893710028200507,7.128196924121754,1.8541860771410366,57.63476022376426,19.71854106979023,8.680613959183878,11.08425636505296,2.8818283822086803,53.99960369684999,17.23547255669139,10.709746922484095,14.667570579718525,3.3876062442562396,52.55488897331257,17.15843041722848,17.00094587292305,11.06115888148173,2.224575855054374,53.12680725548656,17.95530787961172,14.663402324064975,12.047357415183306,2.2071251256529703,88.70590402817488,3.7633279462942966,2.1329842953580345,3.3364805655815575,2.061303164591422,87.97007051810576,3.9588187118985374,2.1834584140484963,3.8103760816523757,2.077276274295042,77.73241169256548,7.354674225462906,4.710314402211015,7.262469265478109,2.9401304142824394
17,66.45833487861364,19.7258927004231,8.34709141616704,4.170333435340643,1.2983475694557163,50.05443241687566,27.66775440055439,13.346861815076483,6.773167402903119,2.1577839645903563,70.13871523920217,16.22321223224741,5.813685915782636,4.361593078089509,3.4627935346781333,72.75941921680034,13.699560339281952,7.061536150403283,3.9835053243765657,2.4959789691378775,35.006957242540594,30.31403704547576,14.994493210656213,11.856634392760984,7.8278781085663125,31.05692791148519,24.526410223110712,20.56796827207317,12.59130855091644,11.257385042414649,18.991406941961266,33.13230095962367,37.54133874127679,8.66747482641262,1.6674785307255513,16.315940354945432,25.42918118051799,43.91296279177236,11.364638638391812,2.9772770343722796,19.55399231125357,26.218339426681098,41.65084212988891,10.72868286042527,1.8481432717514332,16.790421990935638,25.78107530231375,41.91166121446074,12.527535228524867,2.989306263764979,44.36393883400265,33.9409601477206,11.638378609750918,7.09830829934792,2.958414109177989,45.225670449438105,26.841912889550855,16.060177731568924,8.722225913905623,3.150013015536677,28.131844138257534,32.77666461150487,24.71678427942798,9.29669581253183,5.078011158277555,25.423592529736034,25.753920613684926,31.257692745131653,12.588296215662501,4.976497895784875,22.120880621698017,27.335841105274465,39.31504314313051,9.88691268795817,1.341322441938799,18.516741067079483,25.27495433170393,41.1597798026894,12.614389757710601,2.434135040816627,26.099928262056014,40.3898392482299,22.421091391521216,9.391379076236191,1.6977620219561644,23.541283464713185,25.128203574843937,40.45389209582248,9.183761453022925,1.6928594115973257,28.97941852625375,29.025055305985525,31.43352806276434,9.61530528197022,0.9466928230259026,19.574237148176362,27.216516626960015,37.558885125575095,12.744406124955743,2.9059549743329356,42.79299364950927,28.796702857605837,10.524781707923749,8.581144951118578,9.304376833842403,50.55355115057266,23.184348200342203,14.913208250566356,8.085627968865548,3.2632644296533786,21.580666356347827,31.376299156092806,30.57787142413504,11.870757699452925,4.594405363971497,19.621685689002906,24.91874135919931,33.62388780332872,13.76460118810219,8.071083960366558,60.950794459999045,23.11905067017906,9.465438473051178,4.657770497390957,1.8069458993798744,44.091876921024046,29.10683733619394,15.851464186892784,7.932378262167434,3.0174432937218207,50.93827690080508,28.333664876308106,12.9484101597475,6.102728219666501,1.676919843472139,34.30323067651789,37.15673058007155,18.8174950974578,7.9422221650583005,1.7803214808944448,33.1699342052712,38.798581219492426,16.058132255984397,9.576152752926934,2.39719956632558,31.31329094523741,31.432444592890906,22.677851607866163,11.962197017280202,2.6142158367251995,23.288976527687176,25.51826739595529,40.21398022195905,9.667456626437271,1.3113192279611745,22.3817048943685,25.91932408531401,38.47156948721564,11.522204510224308,1.7051970228774436,81.26007064204376,4.452416619971136,2.7960049064935455,4.469771103163576,7.021736728327722,94.27379553405278,1.6542001886600068,0.9381879769168566,1.2533461580988323,1.8804701422715966,56.358902188379155,13.68552138042748,8.839906230096775,12.523786851952451,8.591883349144037
18,48.18073769181501,29.73631784383896,12.154032059476188,9.189577125380753,0.7393352794892953,50.163919914912114,28.62879301429895,11.028759706755373,9.49874011034869,0.6797872536852424,44.04120455462484,30.60421888317532,16.573803266135997,7.965687204466025,0.8150860915977816,52.024663355904934,25.932033349179406,12.051771587223742,9.330257363029283,0.661274344662861,30.34900898301849,36.308084578076574,26.84353501801248,5.944375523510332,0.5549958973820187,38.605713453111456,31.486936764334576,21.650241233910098,7.7222559867747345,0.5348525618689736,28.478901667642635,36.96013108919216,28.700080456398812,5.324334442404536,0.5365523443617404,33.477974913150554,32.53602453017986,26.428692570980296,6.723961423058785,0.8333465626306521,35.34054329061648,32.35625786562803,24.170819062054093,6.712640610908477,1.4197391707930065,37.14049170670851,30.264477868789452,21.199285386748926,8.456959144801502,2.9387858929516724,44.89718565714337,30.42233935780793,13.886243420848695,9.832394296133732,0.9618372680662876,54.25011811133791,26.572511772520723,9.118780671382986,9.387125316691723,0.671464128066753,31.762428906843017,36.38247127340147,22.87280417762327,8.225176247155803,0.7571193949768071,39.78838733198086,31.885886024248844,16.62380754650874,10.763687576320491,0.9382315209410219,30.353006334749956,38.323792743664235,24.160324402544443,6.561690503306002,0.6011860157355765,34.60448987712573,34.304571679534405,22.13280279043494,7.928068704931331,1.0300669479735847,44.988462309710954,32.43913634353204,11.633304609924547,10.15337258853987,0.7857241482934275,42.99338573192758,31.03526327972798,15.438121289440373,8.823510133082658,1.7097195658214654,32.3078686065858,33.56398508963975,24.722062286193356,8.389303061812353,1.016780955768815,37.21311650788185,30.77487675073006,22.10854105153998,7.564984582241868,2.338481107606232,38.11785820031453,32.97310755841972,20.116475741368443,7.984150472982172,0.8084080269152891,46.424534152940716,28.909427801941845,13.440132232935243,10.479339545786347,0.7465662663957829,26.86413580740895,38.87318374981131,28.140856868553506,5.706622818129003,0.4152007560972035,39.62194837566488,31.883507306791735,21.12004710694845,6.831042272335411,0.5434549382595141,48.9314768959508,28.51224035372904,12.321705288822926,9.421734059712037,0.8128434017849505,56.005233611934855,25.13289978347762,9.32163442694485,8.829808316421143,0.7104238612212669,48.7114041871627,29.680275291055764,11.508406056931713,9.409237410968299,0.6906770538814164,52.53233269625137,28.065915418637765,9.78442305123521,8.925155439104115,0.6921733947713561,41.60912714084112,31.375753208128433,14.716299981721512,11.291031782532926,1.0077878867761167,40.23178197035309,34.01238161292363,12.748557700321284,12.01572272950707,0.9915559868947728,30.535840019785127,36.97766234892422,23.542743387910303,8.173625471062568,0.7701287723180813,34.88464588510319,32.42723346457332,22.241474453605562,9.440448314041053,1.006197882676701,62.85215212660928,19.524646559428074,11.491839834495872,4.93408024556318,1.1972812339035834,65.13028891149864,19.604377330921437,10.26843454722464,4.289239017909907,0.7076601924450813,52.29711366439,20.33416351300945,13.788473955621349,10.745672854756245,2.8345760122227386
19,89.47334838411074,3.544218143334568,2.792296264202721,2.88534601470185,1.304791193649973,85.089049912687,4.576483393670882,3.953141226309051,4.26966043595346,2.1116650313799767,96.30635613105468,1.03481704312378,0.983752448389055,1.2389228945173056,0.436151482914899,95.04932060042137,1.6278673138401898,1.2781756573811838,1.4176929150866138,0.6269435132708137,96.13150967316976,0.9996233461719881,1.290159027652936,1.1267082496985437,0.4519997033067895,95.7326961741088,1.3553043077640878,1.3654976170271333,1.1341837102170786,0.41231819088299937,84.68978104579458,3.653810047094877,7.296359561514453,3.3250757540824245,1.0349735915140437,90.01841973394006,2.6280807192449873,4.7696970093738935,1.9589092206870176,0.6248933167538333,77.52907730135769,6.117258538829675,12.058453220718786,3.475998490446677,0.8192124486472533,82.14373477278508,4.605648952146979,9.690418205310205,2.943298644353873,0.6168994254040893,73.54587678890029,9.663012635024591,6.760197416320349,7.013147904857838,3.017765254896939,79.15963439444982,7.993209763984751,4.693320559279142,5.718473400905433,2.4353618813811733,75.71833964199118,6.714384160561291,9.223578904092582,6.1380771572682535,2.20562013608709,72.15481724032182,7.692816398559768,8.019760754111617,8.2968606801846,3.835744926822329,74.10315168556771,6.294214640883935,13.30665977580666,4.987745474415677,1.308228423325955,71.7419661566196,7.553639196752243,14.119413447388887,4.993173903232121,1.5918072960067908,78.08548814127097,8.789399568470376,5.755071978716552,5.385186405955629,1.9848539055863201,86.54659120442875,3.829910356020511,3.4427882013993383,4.66052786159992,1.5201823765514213,59.63908697698881,9.947211120521212,21.903418201567813,6.811337222550183,1.698946478371936,82.9282127887628,4.8010008404433595,8.740902531393585,2.8551766021741325,0.6747072372267391,97.02027661515406,0.821387654036407,0.8463926194809589,0.8955305220970423,0.41641258923142455,90.90870592176428,1.8381469349347201,1.4158904979605644,3.205786251273107,2.6314703940674327,85.95741785252666,3.697307873850191,6.587315205455611,2.9787318804482465,0.7792271877195189,81.4948289627656,5.410146626438844,7.55459633458932,4.196821447845701,1.343606628360182,87.64384793079041,3.7549465359883882,3.214203601059123,4.052660854613934,1.3343410775479498,88.79404538020636,3.8324933591214916,2.73718265147736,3.24448418536473,1.391794423830105,80.70903359774933,7.4375477145881845,5.406401241620705,4.609846977865146,1.8371704681766459,95.75093680614326,1.4382616433806057,0.9756801885013526,1.2877106304605135,0.5474107315144217,63.827638523420404,12.795617824034174,9.237199472001716,10.082297519034103,4.057246661510117,64.14164324249639,12.910110350035373,8.079001456419693,9.98593588182473,4.883309069223794,53.55463927984857,11.894561986217939,21.939270528225254,9.851471416044506,2.760056789663673,52.30235264137598,13.793886565483845,18.41533166475439,11.643568187325533,3.844860941060417,85.6777563999746,4.735382635098306,3.0361646940938427,4.370472142266384,2.1802241285665307,83.49700795555076,4.69460133831726,3.3635978219747407,5.353178007253675,3.0916148769035026,55.671720520670945,10.182070622054653,11.720174037570748,17.88769225898954,4.53834256071373
